datetime,total_injection,kmeans_cluster,dbscan_cluster
2025-01-01 00:00:00+00:00,926157.3640000001,1,0
2025-01-01 01:00:00+00:00,971419.5565,1,0
2025-01-01 02:00:00+00:00,974811.8895,1,0
2025-01-01 03:00:00+00:00,1016977.039,1,0
2025-01-01 04:00:00+00:00,956454.9184999999,1,0
2025-01-01 05:00:00+00:00,933235.2835,1,0
2025-01-01 06:00:00+00:00,949574.436,1,0
2025-01-01 07:00:00+00:00,1000360.801,1,0
2025-01-01 08:00:00+00:00,1088971.043,1,0
2025-01-01 09:00:00+00:00,1167192.384,1,0
2025-01-01 10:00:00+00:00,1057641.151,1,0
2025-01-01 11:00:00+00:00,842029.2455,1,0
2025-01-01 12:00:00+00:00,771032.4924999999,1,0
2025-01-01 13:00:00+00:00,774987.7205,1,0
2025-01-01 14:00:00+00:00,704706.947,1,0
2025-01-01 15:00:00+00:00,620352.395,1,0
2025-01-01 16:00:00+00:00,570076.5035,1,0
2025-01-01 17:00:00+00:00,525457.1975,1,0
2025-01-01 18:00:00+00:00,599890.7755,1,0
2025-01-01 19:00:00+00:00,601513.7955,1,0
2025-01-01 20:00:00+00:00,605100.3695,1,0
2025-01-01 21:00:00+00:00,670023.7025,1,0
2025-01-01 22:00:00+00:00,676190.302,1,0
2025-01-01 23:00:00+00:00,761834.784,1,0
2025-01-02 00:00:00+00:00,795454.248,1,0
2025-01-02 01:00:00+00:00,808448.577,1,0
2025-01-02 02:00:00+00:00,845888.4815,1,0
2025-01-02 03:00:00+00:00,835114.6745,1,0
2025-01-02 04:00:00+00:00,813132.7575000001,1,0
2025-01-02 05:00:00+00:00,764633.679,1,0
2025-01-02 06:00:00+00:00,759520.0795,1,0
2025-01-02 07:00:00+00:00,807492.7625,1,0
2025-01-02 08:00:00+00:00,851504.962,1,0
2025-01-02 09:00:00+00:00,880960.6714999999,1,0
2025-01-02 10:00:00+00:00,869663.4335,1,0
2025-01-02 11:00:00+00:00,858434.1425,1,0
2025-01-02 12:00:00+00:00,887541.468,1,0
2025-01-02 13:00:00+00:00,869350.383,1,0
2025-01-02 14:00:00+00:00,822132.211,1,0
2025-01-02 15:00:00+00:00,757913.2705,1,0
2025-01-02 16:00:00+00:00,692633.9095,1,0
2025-01-02 17:00:00+00:00,725759.1444999999,1,0
2025-01-02 18:00:00+00:00,809056.2325,1,0
2025-01-02 19:00:00+00:00,889336.5705,1,0
2025-01-02 20:00:00+00:00,971605.4469999999,1,0
2025-01-02 21:00:00+00:00,1099652.4394999999,1,0
2025-01-02 22:00:00+00:00,1197748.991,1,0
2025-01-02 23:00:00+00:00,1201164.9575,1,0
2025-01-03 00:00:00+00:00,1225893.3195,1,0
2025-01-03 01:00:00+00:00,1164006.0420000001,1,0
2025-01-03 02:00:00+00:00,1176626.787,1,0
2025-01-03 03:00:00+00:00,1144963.1975,1,0
2025-01-03 04:00:00+00:00,1176477.6800000002,1,0
2025-01-03 05:00:00+00:00,1182283.7534999999,1,0
2025-01-03 06:00:00+00:00,1175308.564,1,0
2025-01-03 07:00:00+00:00,1257825.1765,1,0
2025-01-03 08:00:00+00:00,1309109.5465,1,0
2025-01-03 09:00:00+00:00,1337045.2295,1,0
2025-01-03 10:00:00+00:00,1324212.1225,1,0
2025-01-03 11:00:00+00:00,1208099.8029999998,1,0
2025-01-03 12:00:00+00:00,1162434.602,1,0
2025-01-03 13:00:00+00:00,1096340.281,1,0
2025-01-03 14:00:00+00:00,1048127.773,1,0
2025-01-03 15:00:00+00:00,969452.057,1,0
2025-01-03 16:00:00+00:00,957151.0315,1,0
2025-01-03 17:00:00+00:00,967228.8645,1,0
2025-01-03 18:00:00+00:00,969725.228,1,0
2025-01-03 19:00:00+00:00,968421.4785,1,0
2025-01-03 20:00:00+00:00,952226.821,1,0
2025-01-03 21:00:00+00:00,919225.67,1,0
2025-01-03 22:00:00+00:00,883889.1585,1,0
2025-01-03 23:00:00+00:00,903144.7825,1,0
2025-01-04 00:00:00+00:00,957969.473,1,0
2025-01-04 01:00:00+00:00,1010898.652,1,0
2025-01-04 02:00:00+00:00,1030038.6735,1,0
2025-01-04 03:00:00+00:00,1069800.9135,1,0
2025-01-04 04:00:00+00:00,1141854.8815000001,1,0
2025-01-04 05:00:00+00:00,1180095.2605,1,0
2025-01-04 06:00:00+00:00,1188669.5285,1,0
2025-01-04 07:00:00+00:00,1236397.881,1,0
2025-01-04 08:00:00+00:00,1282302.6749999998,1,0
2025-01-04 09:00:00+00:00,1320591.829,1,0
2025-01-04 10:00:00+00:00,1417524.4515,1,0
2025-01-04 11:00:00+00:00,1493417.7625,1,0
2025-01-04 12:00:00+00:00,1551712.6245,1,0
2025-01-04 13:00:00+00:00,1567484.9155000001,1,0
2025-01-04 14:00:00+00:00,1563659.5244999998,1,0
2025-01-04 15:00:00+00:00,1541392.5385,1,0
2025-01-04 16:00:00+00:00,1632468.8954999999,1,0
2025-01-04 17:00:00+00:00,1703013.781,0,0
2025-01-04 18:00:00+00:00,1800622.0525,0,0
2025-01-04 19:00:00+00:00,1910680.4745,0,0
2025-01-04 20:00:00+00:00,2027316.421,0,0
2025-01-04 21:00:00+00:00,2128733.478,0,0
2025-01-04 22:00:00+00:00,2212620.225,0,0
2025-01-04 23:00:00+00:00,2275187.5915,0,-1
2025-01-05 00:00:00+00:00,2347144.6045000004,0,1
2025-01-05 01:00:00+00:00,2409931.5595,0,1
2025-01-05 02:00:00+00:00,2447652.907,0,1
2025-01-05 03:00:00+00:00,2518373.648,0,1
2025-01-05 04:00:00+00:00,2533821.828,0,1
2025-01-05 05:00:00+00:00,2566306.6565,0,1
2025-01-05 06:00:00+00:00,2585534.3564999998,0,1
2025-01-05 07:00:00+00:00,2586920.7455,0,1
2025-01-05 08:00:00+00:00,2586900.9735,0,1
2025-01-05 09:00:00+00:00,2564098.978,0,1
2025-01-05 10:00:00+00:00,2541376.231,0,1
2025-01-05 11:00:00+00:00,2454236.3585,0,1
2025-01-05 12:00:00+00:00,2337539.7135,0,1
2025-01-05 13:00:00+00:00,2400233.0675,0,1
2025-01-05 14:00:00+00:00,2356675.0085,0,1
2025-01-05 15:00:00+00:00,2422761.241,0,1
2025-01-05 16:00:00+00:00,2487816.6895,0,1
2025-01-05 17:00:00+00:00,2479934.286,0,1
2025-01-05 18:00:00+00:00,2468805.923,0,1
2025-01-05 19:00:00+00:00,2445669.4085,0,1
2025-01-05 20:00:00+00:00,2409601.7865,0,1
2025-01-05 21:00:00+00:00,2376934.2835,0,1
2025-01-05 22:00:00+00:00,2292538.3775,0,1
2025-01-05 23:00:00+00:00,2286707.0525,0,1
2025-01-06 00:00:00+00:00,2229512.6995,0,2
2025-01-06 01:00:00+00:00,2239072.5315,0,2
2025-01-06 02:00:00+00:00,2145614.594,0,2
2025-01-06 03:00:00+00:00,2095592.4070000001,0,2
2025-01-06 04:00:00+00:00,2093797.7795,0,2
2025-01-06 05:00:00+00:00,1970481.6225,0,2
2025-01-06 06:00:00+00:00,1897990.463,0,2
2025-01-06 07:00:00+00:00,1740028.6935,0,2
2025-01-06 08:00:00+00:00,1632696.5145,0,2
2025-01-06 09:00:00+00:00,1534916.905,0,2
2025-01-06 10:00:00+00:00,1339296.5715,0,2
2025-01-06 11:00:00+00:00,1315920.701,0,2
2025-01-06 12:00:00+00:00,1379906.2215,0,2
2025-01-06 13:00:00+00:00,1534298.2255,0,2
2025-01-06 14:00:00+00:00,1418573.971,0,2
2025-01-06 15:00:00+00:00,1312264.063,0,2
2025-01-06 16:00:00+00:00,1238797.611,0,2
2025-01-06 17:00:00+00:00,1181720.0010000002,0,2
2025-01-06 18:00:00+00:00,1195304.2015,0,2
2025-01-06 19:00:00+00:00,1202440.988,0,2
2025-01-06 20:00:00+00:00,1134805.744,0,2
2025-01-06 21:00:00+00:00,959340.147,0,2
2025-01-06 22:00:00+00:00,901431.4165,0,2
2025-01-06 23:00:00+00:00,854560.7075,0,2
2025-01-07 00:00:00+00:00,905905.157,0,-1
2025-01-07 01:00:00+00:00,1043983.042,0,3
2025-01-07 02:00:00+00:00,1058319.592,0,3
2025-01-07 03:00:00+00:00,1162709.179,0,3
2025-01-07 04:00:00+00:00,1345026.832,0,3
2025-01-07 05:00:00+00:00,1420434.0274999999,0,3
2025-01-07 06:00:00+00:00,1618001.9465,0,3
2025-01-07 07:00:00+00:00,1792869.9215,0,3
2025-01-07 08:00:00+00:00,1867376.9440000001,0,3
2025-01-07 09:00:00+00:00,1907062.489,0,3
2025-01-07 10:00:00+00:00,2020516.113,0,3
2025-01-07 11:00:00+00:00,2020201.9905,0,3
2025-01-07 12:00:00+00:00,1997649.3965,0,3
2025-01-07 13:00:00+00:00,2022410.6495,0,3
2025-01-07 14:00:00+00:00,2049024.6825,0,3
2025-01-07 15:00:00+00:00,2021455.7680000002,0,3
2025-01-07 16:00:00+00:00,1985256.621,0,3
2025-01-07 17:00:00+00:00,2014864.288,0,3
2025-01-07 18:00:00+00:00,1997126.652,0,3
2025-01-07 19:00:00+00:00,2039631.532,0,3
2025-01-07 20:00:00+00:00,2085112.564,0,3
2025-01-07 21:00:00+00:00,2155567.9414999997,0,3
2025-01-07 22:00:00+00:00,2240412.573,0,3
2025-01-07 23:00:00+00:00,2258331.1815,0,3
2025-01-08 00:00:00+00:00,2270300.9195,0,4
2025-01-08 01:00:00+00:00,2244954.198,0,4
2025-01-08 02:00:00+00:00,2291825.816,0,4
2025-01-08 03:00:00+00:00,2348634.554,0,4
2025-01-08 04:00:00+00:00,2407490.298,0,4
2025-01-08 05:00:00+00:00,2413627.568,0,4
2025-01-08 06:00:00+00:00,2452580.8475,0,4
2025-01-08 07:00:00+00:00,2511086.6785,0,4
2025-01-08 08:00:00+00:00,2556490.0865,0,4
2025-01-08 09:00:00+00:00,2585209.6380000003,0,4
2025-01-08 10:00:00+00:00,2581818.877,0,4
2025-01-08 11:00:00+00:00,2493278.464,0,4
2025-01-08 12:00:00+00:00,2318487.219,0,4
2025-01-08 13:00:00+00:00,2248850.284,0,4
2025-01-08 14:00:00+00:00,2244282.48,0,4
2025-01-08 15:00:00+00:00,2228072.5535,0,4
2025-01-08 16:00:00+00:00,2179016.511,0,4
2025-01-08 17:00:00+00:00,2181894.408,0,4
2025-01-08 18:00:00+00:00,2197936.2600000002,0,4
2025-01-08 19:00:00+00:00,2134560.9855,0,4
2025-01-08 20:00:00+00:00,2079315.3215,0,4
2025-01-08 21:00:00+00:00,2089495.446,0,4
2025-01-08 22:00:00+00:00,2135199.724,0,4
2025-01-08 23:00:00+00:00,2117724.3755,0,4
2025-01-09 00:00:00+00:00,2103093.73,0,2
2025-01-09 01:00:00+00:00,2058274.4135,0,2
2025-01-09 02:00:00+00:00,2030684.9525000001,0,2
2025-01-09 03:00:00+00:00,2025597.8275000001,0,2
2025-01-09 04:00:00+00:00,1995954.0195,0,2
2025-01-09 05:00:00+00:00,1923682.0235000001,0,2
2025-01-09 06:00:00+00:00,1814742.1405,0,2
2025-01-09 07:00:00+00:00,1746312.6355,0,2
2025-01-09 08:00:00+00:00,1663429.723,0,2
2025-01-09 09:00:00+00:00,1462848.4805,0,2
2025-01-09 10:00:00+00:00,1338560.7705,0,5
2025-01-09 11:00:00+00:00,1238770.436,0,5
2025-01-09 12:00:00+00:00,1128967.7955,0,5
2025-01-09 13:00:00+00:00,1057310.0785,0,5
2025-01-09 14:00:00+00:00,1015190.9214999999,0,5
2025-01-09 15:00:00+00:00,969434.5605,0,5
2025-01-09 16:00:00+00:00,964603.031,0,5
2025-01-09 17:00:00+00:00,1004706.951,0,5
2025-01-09 18:00:00+00:00,1050465.3905,0,5
2025-01-09 19:00:00+00:00,1034151.218,0,5
2025-01-09 20:00:00+00:00,934327.216,0,5
2025-01-09 21:00:00+00:00,958380.307,0,5
2025-01-09 22:00:00+00:00,1085016.4840000002,0,5
2025-01-09 23:00:00+00:00,1082611.8045,0,5
2025-01-10 00:00:00+00:00,1220448.938,0,6
2025-01-10 01:00:00+00:00,1222579.4135,0,6
2025-01-10 02:00:00+00:00,1243898.79,0,6
2025-01-10 03:00:00+00:00,1193716.428,0,6
2025-01-10 04:00:00+00:00,1035384.9745,0,6
2025-01-10 05:00:00+00:00,1025371.674,0,6
2025-01-10 06:00:00+00:00,887747.8555000001,0,6
2025-01-10 07:00:00+00:00,823640.374,0,6
2025-01-10 08:00:00+00:00,907161.6,0,6
2025-01-10 09:00:00+00:00,980097.336,0,6
2025-01-10 10:00:00+00:00,1029296.5505,0,6
2025-01-10 11:00:00+00:00,1089856.9055,0,6
2025-01-10 12:00:00+00:00,1106040.1195,0,6
2025-01-10 13:00:00+00:00,1144885.5965,0,6
2025-01-10 14:00:00+00:00,1168786.1075,0,6
2025-01-10 15:00:00+00:00,1146008.9705,0,6
2025-01-10 16:00:00+00:00,1119767.005,0,6
2025-01-10 17:00:00+00:00,1203584.6605,0,6
2025-01-10 18:00:00+00:00,1218421.0415,0,6
2025-01-10 19:00:00+00:00,1228945.4555000002,0,6
2025-01-10 20:00:00+00:00,1235946.787,0,6
2025-01-10 21:00:00+00:00,1338857.65,0,6
2025-01-10 22:00:00+00:00,1371109.7034999998,0,6
2025-01-10 23:00:00+00:00,1390523.0265,0,6
2025-01-11 00:00:00+00:00,1336210.5104999999,0,6
2025-01-11 01:00:00+00:00,1399590.297,0,6
2025-01-11 02:00:00+00:00,1339175.2685,0,6
2025-01-11 03:00:00+00:00,1201952.551,0,6
2025-01-11 04:00:00+00:00,1098573.8885,0,6
2025-01-11 05:00:00+00:00,1024687.8475,0,6
2025-01-11 06:00:00+00:00,1013472.97,0,6
2025-01-11 07:00:00+00:00,1020185.294,0,6
2025-01-11 08:00:00+00:00,1049142.3935,0,6
2025-01-11 09:00:00+00:00,1059681.6405,0,6
2025-01-11 10:00:00+00:00,952090.4180000001,0,6
2025-01-11 11:00:00+00:00,947500.5755,0,6
2025-01-11 12:00:00+00:00,1036226.2075,0,6
2025-01-11 13:00:00+00:00,1011648.6095,0,6
2025-01-11 14:00:00+00:00,909281.6205,0,6
2025-01-11 15:00:00+00:00,879877.997,0,6
2025-01-11 16:00:00+00:00,822628.7415,0,6
2025-01-11 17:00:00+00:00,874352.2050000001,0,6
2025-01-11 18:00:00+00:00,935957.3405,0,6
2025-01-11 19:00:00+00:00,1009091.573,0,6
2025-01-11 20:00:00+00:00,1087500.9440000001,0,6
2025-01-11 21:00:00+00:00,1066543.666,0,6
2025-01-11 22:00:00+00:00,1041558.2620000001,0,6
2025-01-11 23:00:00+00:00,950305.2855,0,6
2025-01-12 00:00:00+00:00,884730.7945000001,0,6
2025-01-12 01:00:00+00:00,926295.567,0,6
2025-01-12 02:00:00+00:00,1051516.7135,0,6
2025-01-12 03:00:00+00:00,1011690.35,0,6
2025-01-12 04:00:00+00:00,997929.5985,0,6
2025-01-12 05:00:00+00:00,1084028.7165,0,6
2025-01-12 06:00:00+00:00,1081359.797,0,6
2025-01-12 07:00:00+00:00,1084141.5405000001,0,6
2025-01-12 08:00:00+00:00,1132533.6724999999,0,6
2025-01-12 09:00:00+00:00,1299186.7365,0,6
2025-01-12 10:00:00+00:00,1340422.5955,0,6
2025-01-12 11:00:00+00:00,1173522.9715,0,6
2025-01-12 12:00:00+00:00,922485.9265000001,0,6
2025-01-12 13:00:00+00:00,758778.4795,0,6
2025-01-12 14:00:00+00:00,620652.1685,0,6
2025-01-12 15:00:00+00:00,568120.7085,1,6
2025-01-12 16:00:00+00:00,564766.997,1,6
2025-01-12 17:00:00+00:00,678471.5395,0,6
2025-01-12 18:00:00+00:00,885966.8,0,6
2025-01-12 19:00:00+00:00,1049014.3530000001,0,6
2025-01-12 20:00:00+00:00,1128227.8305000002,0,6
2025-01-12 21:00:00+00:00,1167855.1615,0,6
2025-01-12 22:00:00+00:00,1161688.682,0,6
2025-01-12 23:00:00+00:00,1207974.5529999998,0,-1
2025-01-13 00:00:00+00:00,1303160.3055,0,3
2025-01-13 01:00:00+00:00,1419211.0515,0,3
2025-01-13 02:00:00+00:00,1456339.2719999999,0,3
2025-01-13 03:00:00+00:00,1523853.4155000001,0,3
2025-01-13 04:00:00+00:00,1462560.949,0,3
2025-01-13 05:00:00+00:00,1354232.66,0,3
2025-01-13 06:00:00+00:00,1285247.699,0,3
2025-01-13 07:00:00+00:00,1296214.3975,0,3
2025-01-13 08:00:00+00:00,1406601.673,0,3
2025-01-13 09:00:00+00:00,1545717.0995,0,3
2025-01-13 10:00:00+00:00,1568309.4565,0,3
2025-01-13 11:00:00+00:00,1401093.2825,0,3
2025-01-13 12:00:00+00:00,1232987.3695,0,3
2025-01-13 13:00:00+00:00,1112144.389,0,3
2025-01-13 14:00:00+00:00,1091862.6735,0,3
2025-01-13 15:00:00+00:00,1035842.247,0,3
2025-01-13 16:00:00+00:00,1098090.9355000001,0,3
2025-01-13 17:00:00+00:00,1276348.0875,0,3
2025-01-13 18:00:00+00:00,1495169.5495,0,3
2025-01-13 19:00:00+00:00,1647169.8385,0,3
2025-01-13 20:00:00+00:00,1790621.2635,0,3
2025-01-13 21:00:00+00:00,1941684.955,0,3
2025-01-13 22:00:00+00:00,2056501.5195,0,3
2025-01-13 23:00:00+00:00,2083870.6490000002,0,3
2025-01-14 00:00:00+00:00,2042207.6795,0,3
2025-01-14 01:00:00+00:00,1967842.4925000002,0,3
2025-01-14 02:00:00+00:00,1866540.1014999999,0,3
2025-01-14 03:00:00+00:00,1817896.6824999999,0,3
2025-01-14 04:00:00+00:00,1895577.5485,0,3
2025-01-14 05:00:00+00:00,1991626.0844999999,0,3
2025-01-14 06:00:00+00:00,2021842.5525,0,3
2025-01-14 07:00:00+00:00,1979365.243,0,3
2025-01-14 08:00:00+00:00,1967840.942,0,3
2025-01-14 09:00:00+00:00,1882977.296,0,3
2025-01-14 10:00:00+00:00,1790855.429,0,3
2025-01-14 11:00:00+00:00,1732328.1605,0,3
2025-01-14 12:00:00+00:00,1574052.165,0,3
2025-01-14 13:00:00+00:00,1329589.3005,0,-1
2025-01-14 14:00:00+00:00,1045267.2515,0,7
2025-01-14 15:00:00+00:00,822566.8304999999,0,7
2025-01-14 16:00:00+00:00,745112.9635,0,7
2025-01-14 17:00:00+00:00,690020.721,0,7
2025-01-14 18:00:00+00:00,587140.8935,0,7
2025-01-14 19:00:00+00:00,476450.2475,0,7
2025-01-14 20:00:00+00:00,476105.7325,0,7
2025-01-14 21:00:00+00:00,504125.8395,0,7
2025-01-14 22:00:00+00:00,466442.953,0,7
2025-01-14 23:00:00+00:00,446582.5105,0,7
2025-01-15 00:00:00+00:00,419463.546,1,0
2025-01-15 01:00:00+00:00,400861.081,1,0
2025-01-15 02:00:00+00:00,424704.6675,1,0
2025-01-15 03:00:00+00:00,435351.164,1,0
2025-01-15 04:00:00+00:00,436627.5735,1,0
2025-01-15 05:00:00+00:00,432967.76050000003,1,0
2025-01-15 06:00:00+00:00,453794.947,1,0
2025-01-15 07:00:00+00:00,517775.146,1,0
2025-01-15 08:00:00+00:00,527206.7930000001,1,0
2025-01-15 09:00:00+00:00,555638.741,1,0
2025-01-15 10:00:00+00:00,555488.2575000001,1,0
2025-01-15 11:00:00+00:00,536717.42,1,0
2025-01-15 12:00:00+00:00,511656.054,1,0
2025-01-15 13:00:00+00:00,483106.221,1,0
2025-01-15 14:00:00+00:00,484544.5225,1,0
2025-01-15 15:00:00+00:00,534937.5625,1,0
2025-01-15 16:00:00+00:00,545244.8215,1,0
2025-01-15 17:00:00+00:00,594316.1915,1,0
2025-01-15 18:00:00+00:00,729231.595,1,0
2025-01-15 19:00:00+00:00,839681.6005,1,0
2025-01-15 20:00:00+00:00,881005.467,1,0
2025-01-15 21:00:00+00:00,920732.7365,1,0
2025-01-15 22:00:00+00:00,981653.7275,1,0
2025-01-15 23:00:00+00:00,1077338.3415,1,0
2025-01-16 00:00:00+00:00,1134775.0025,1,0
2025-01-16 01:00:00+00:00,1184567.8085,1,0
2025-01-16 02:00:00+00:00,1268646.554,1,0
2025-01-16 03:00:00+00:00,1377578.1570000001,1,0
2025-01-16 04:00:00+00:00,1400428.6099999999,1,0
2025-01-16 05:00:00+00:00,1463778.8684999999,1,0
2025-01-16 06:00:00+00:00,1509869.2310000001,1,0
2025-01-16 07:00:00+00:00,1508930.043,1,0
2025-01-16 08:00:00+00:00,1490987.9565,1,0
2025-01-16 09:00:00+00:00,1380236.7195,1,0
2025-01-16 10:00:00+00:00,1183858.785,1,0
2025-01-16 11:00:00+00:00,958678.233,1,0
2025-01-16 12:00:00+00:00,798170.9325,1,0
2025-01-16 13:00:00+00:00,717675.4735000001,1,0
2025-01-16 14:00:00+00:00,676256.9065,1,0
2025-01-16 15:00:00+00:00,685473.253,1,0
2025-01-16 16:00:00+00:00,697213.004,1,0
2025-01-16 17:00:00+00:00,731278.8385000001,1,0
2025-01-16 18:00:00+00:00,808251.5279999999,1,0
2025-01-16 19:00:00+00:00,829485.38,1,0
2025-01-16 20:00:00+00:00,1039429.0225,1,0
2025-01-16 21:00:00+00:00,1345933.0905,1,0
2025-01-16 22:00:00+00:00,1659946.146,0,-1
2025-01-16 23:00:00+00:00,1956549.063,0,-1
2025-01-17 00:00:00+00:00,1990614.0265,0,8
2025-01-17 01:00:00+00:00,2071908.0240000002,0,8
2025-01-17 02:00:00+00:00,2102753.786,0,8
2025-01-17 03:00:00+00:00,2014202.443,0,8
2025-01-17 04:00:00+00:00,1962817.534,0,8
2025-01-17 05:00:00+00:00,1938412.0485,0,8
2025-01-17 06:00:00+00:00,1850594.832,0,8
2025-01-17 07:00:00+00:00,1907645.0865,0,8
2025-01-17 08:00:00+00:00,1921359.105,0,8
2025-01-17 09:00:00+00:00,1865502.7625,0,8
2025-01-17 10:00:00+00:00,1680579.4015,0,8
2025-01-17 11:00:00+00:00,1508984.0975000001,0,8
2025-01-17 12:00:00+00:00,1427678.217,0,8
2025-01-17 13:00:00+00:00,1319418.8725,0,8
2025-01-17 14:00:00+00:00,1165915.5015,0,9
2025-01-17 15:00:00+00:00,1009688.277,0,9
2025-01-17 16:00:00+00:00,889344.4569999999,0,9
2025-01-17 17:00:00+00:00,825312.8574999999,0,9
2025-01-17 18:00:00+00:00,975020.4015,0,9
2025-01-17 19:00:00+00:00,1167022.1670000001,0,9
2025-01-17 20:00:00+00:00,1225351.435,0,9
2025-01-17 21:00:00+00:00,1228044.9085,0,9
2025-01-17 22:00:00+00:00,1277541.3930000002,0,9
2025-01-17 23:00:00+00:00,1269458.505,0,9
2025-01-18 00:00:00+00:00,1126961.415,0,10
2025-01-18 01:00:00+00:00,1023083.681,0,10
2025-01-18 02:00:00+00:00,952695.48,1,10
2025-01-18 03:00:00+00:00,889345.7345,1,10
2025-01-18 04:00:00+00:00,949194.8525,1,10
2025-01-18 05:00:00+00:00,949838.05,1,10
2025-01-18 06:00:00+00:00,905521.1605,1,10
2025-01-18 07:00:00+00:00,809846.592,1,10
2025-01-18 08:00:00+00:00,766949.9765,1,10
2025-01-18 09:00:00+00:00,740895.344,1,10
2025-01-18 10:00:00+00:00,620074.171,1,10
2025-01-18 11:00:00+00:00,508869.62700000004,1,10
2025-01-18 12:00:00+00:00,479962.6325,1,10
2025-01-18 13:00:00+00:00,460140.8875,1,10
2025-01-18 14:00:00+00:00,442641.3325,1,10
2025-01-18 15:00:00+00:00,431351.5715,1,10
2025-01-18 16:00:00+00:00,402705.08499999996,1,10
2025-01-18 17:00:00+00:00,382191.76,1,10
2025-01-18 18:00:00+00:00,416868.0055,1,10
2025-01-18 19:00:00+00:00,429399.48350000003,1,10
2025-01-18 20:00:00+00:00,445564.7635,1,10
2025-01-18 21:00:00+00:00,480839.9675,1,10
2025-01-18 22:00:00+00:00,508981.5005,1,10
2025-01-18 23:00:00+00:00,534454.0435,1,10
2025-01-19 00:00:00+00:00,604897.0005,1,0
2025-01-19 01:00:00+00:00,740514.877,1,0
2025-01-19 02:00:00+00:00,801219.239,1,0
2025-01-19 03:00:00+00:00,885399.8125,1,0
2025-01-19 04:00:00+00:00,978718.4125,1,0
2025-01-19 05:00:00+00:00,1063240.5590000001,1,0
2025-01-19 06:00:00+00:00,1123075.129,1,0
2025-01-19 07:00:00+00:00,1167877.9139999999,1,0
2025-01-19 08:00:00+00:00,1271312.368,1,0
2025-01-19 09:00:00+00:00,1338208.873,1,0
2025-01-19 10:00:00+00:00,1366689.528,1,0
2025-01-19 11:00:00+00:00,1396643.1400000001,1,0
2025-01-19 12:00:00+00:00,1421951.544,1,0
2025-01-19 13:00:00+00:00,1456943.7225000001,1,0
2025-01-19 14:00:00+00:00,1544802.8645,1,0
2025-01-19 15:00:00+00:00,1633247.682,1,0
2025-01-19 16:00:00+00:00,1702939.5335,0,0
2025-01-19 17:00:00+00:00,1697957.2605,0,0
2025-01-19 18:00:00+00:00,1679191.95,0,0
2025-01-19 19:00:00+00:00,1668211.4135,0,0
2025-01-19 20:00:00+00:00,1680478.7875,0,0
2025-01-19 21:00:00+00:00,1669995.6609999998,0,0
2025-01-19 22:00:00+00:00,1601753.906,0,0
2025-01-19 23:00:00+00:00,1549265.195,0,0
2025-01-20 00:00:00+00:00,1500511.161,0,0
2025-01-20 01:00:00+00:00,1465634.111,0,0
2025-01-20 02:00:00+00:00,1435091.7235,0,0
2025-01-20 03:00:00+00:00,1286903.9775,0,0
2025-01-20 04:00:00+00:00,1160494.6290000002,0,0
2025-01-20 05:00:00+00:00,1021424.145,1,0
2025-01-20 06:00:00+00:00,956030.8825,1,0
2025-01-20 07:00:00+00:00,963307.6585,1,0
2025-01-20 08:00:00+00:00,955662.888,1,0
2025-01-20 09:00:00+00:00,902406.0805,1,0
2025-01-20 10:00:00+00:00,880427.433,1,0
2025-01-20 11:00:00+00:00,881871.9395,1,0
2025-01-20 12:00:00+00:00,936780.545,1,0
2025-01-20 13:00:00+00:00,1000176.0734999999,1,0
2025-01-20 14:00:00+00:00,1081065.3445000001,1,0
2025-01-20 15:00:00+00:00,1112133.2335,1,0
2025-01-20 16:00:00+00:00,1077250.122,1,0
2025-01-20 17:00:00+00:00,1054809.6125,1,0
2025-01-20 18:00:00+00:00,1160358.4565,1,0
2025-01-20 19:00:00+00:00,1216896.145,1,0
2025-01-20 20:00:00+00:00,1367199.2555,0,0
2025-01-20 21:00:00+00:00,1638657.6269999999,0,0
2025-01-20 22:00:00+00:00,1805117.2085,0,0
2025-01-20 23:00:00+00:00,1789150.0474999999,0,0
2025-01-21 00:00:00+00:00,1727361.725,0,0
2025-01-21 01:00:00+00:00,1769485.446,0,0
2025-01-21 02:00:00+00:00,1766716.4054999999,0,0
2025-01-21 03:00:00+00:00,1673481.0515,0,0
2025-01-21 04:00:00+00:00,1430385.5905,0,0
2025-01-21 05:00:00+00:00,1213774.2705,1,0
2025-01-21 06:00:00+00:00,1132951.203,1,0
2025-01-21 07:00:00+00:00,1078776.8059999999,1,0
2025-01-21 08:00:00+00:00,1086251.0104999999,1,0
2025-01-21 09:00:00+00:00,1082991.434,1,0
2025-01-21 10:00:00+00:00,1188866.7179999999,1,0
2025-01-21 11:00:00+00:00,1393255.4725000001,0,0
2025-01-21 12:00:00+00:00,1603954.3125,0,0
2025-01-21 13:00:00+00:00,1774297.3045,0,0
2025-01-21 14:00:00+00:00,1716500.2165,0,0
2025-01-21 15:00:00+00:00,1643822.345,0,0
2025-01-21 16:00:00+00:00,1606145.4515,0,0
2025-01-21 17:00:00+00:00,1610192.6425,0,0
2025-01-21 18:00:00+00:00,1779800.7525,0,0
2025-01-21 19:00:00+00:00,1997267.5985,0,0
2025-01-21 20:00:00+00:00,2141605.755,0,0
2025-01-21 21:00:00+00:00,2167586.34,0,0
2025-01-21 22:00:00+00:00,2090020.1295,0,0
2025-01-21 23:00:00+00:00,2021937.9155000001,0,0
2025-01-22 00:00:00+00:00,2031328.8415,0,11
2025-01-22 01:00:00+00:00,1932149.4985,0,11
2025-01-22 02:00:00+00:00,1930403.668,0,11
2025-01-22 03:00:00+00:00,1719075.3495,0,11
2025-01-22 04:00:00+00:00,1596714.165,0,11
2025-01-22 05:00:00+00:00,1578469.0025,0,11
2025-01-22 06:00:00+00:00,1496167.935,0,11
2025-01-22 07:00:00+00:00,1624243.564,0,11
2025-01-22 08:00:00+00:00,1691506.8699999999,0,11
2025-01-22 09:00:00+00:00,1717772.7885,0,11
2025-01-22 10:00:00+00:00,1797096.298,0,11
2025-01-22 11:00:00+00:00,1821133.7495,0,11
2025-01-22 12:00:00+00:00,1856483.895,0,11
2025-01-22 13:00:00+00:00,1702226.3655,0,11
2025-01-22 14:00:00+00:00,1528122.8065,0,11
2025-01-22 15:00:00+00:00,1405512.635,0,11
2025-01-22 16:00:00+00:00,1113415.5175,0,7
2025-01-22 17:00:00+00:00,894348.0235,0,7
2025-01-22 18:00:00+00:00,763699.238,0,7
2025-01-22 19:00:00+00:00,739715.524,0,7
2025-01-22 20:00:00+00:00,721831.393,0,7
2025-01-22 21:00:00+00:00,699883.2895,0,7
2025-01-22 22:00:00+00:00,745747.8255,0,7
2025-01-22 23:00:00+00:00,758078.4199999999,0,7
2025-01-23 00:00:00+00:00,788280.853,1,0
2025-01-23 01:00:00+00:00,692914.546,1,0
2025-01-23 02:00:00+00:00,584002.3815,1,0
2025-01-23 03:00:00+00:00,632902.3535,1,0
2025-01-23 04:00:00+00:00,681447.735,1,0
2025-01-23 05:00:00+00:00,823000.818,1,0
2025-01-23 06:00:00+00:00,908960.823,1,0
2025-01-23 07:00:00+00:00,935211.1965000001,1,0
2025-01-23 08:00:00+00:00,924586.267,1,0
2025-01-23 09:00:00+00:00,854962.5055,1,0
2025-01-23 10:00:00+00:00,806700.52,1,0
2025-01-23 11:00:00+00:00,805330.5005,1,0
2025-01-23 12:00:00+00:00,682676.37,1,0
2025-01-23 13:00:00+00:00,536542.716,1,0
2025-01-23 14:00:00+00:00,418998.526,1,0
2025-01-23 15:00:00+00:00,396150.314,1,0
2025-01-23 16:00:00+00:00,426352.623,1,0
2025-01-23 17:00:00+00:00,487037.054,1,0
2025-01-23 18:00:00+00:00,582622.206,1,0
2025-01-23 19:00:00+00:00,680646.4515,1,0
2025-01-23 20:00:00+00:00,711936.1375,1,0
2025-01-23 21:00:00+00:00,801554.2845,1,0
2025-01-23 22:00:00+00:00,883688.4595,1,0
2025-01-23 23:00:00+00:00,1012120.9515,1,0
2025-01-24 00:00:00+00:00,1030258.2355,1,0
2025-01-24 01:00:00+00:00,1064619.834,1,0
2025-01-24 02:00:00+00:00,1221639.6425,1,0
2025-01-24 03:00:00+00:00,1270914.79,1,0
2025-01-24 04:00:00+00:00,1298176.0515,1,0
2025-01-24 05:00:00+00:00,1358490.0715,1,0
2025-01-24 06:00:00+00:00,1391461.0885,1,0
2025-01-24 07:00:00+00:00,1408968.1445,1,0
2025-01-24 08:00:00+00:00,1545125.5045,1,0
2025-01-24 09:00:00+00:00,1666659.4955,0,0
2025-01-24 10:00:00+00:00,1737351.0705,0,0
2025-01-24 11:00:00+00:00,1794618.341,0,0
2025-01-24 12:00:00+00:00,1899111.4215,0,0
2025-01-24 13:00:00+00:00,1900043.148,0,0
2025-01-24 14:00:00+00:00,1915047.3175,0,0
2025-01-24 15:00:00+00:00,1980996.5735,0,0
2025-01-24 16:00:00+00:00,2062578.3654999998,0,0
2025-01-24 17:00:00+00:00,2059190.0015,0,0
2025-01-24 18:00:00+00:00,2130818.0185,0,0
2025-01-24 19:00:00+00:00,2192966.5845,0,0
2025-01-24 20:00:00+00:00,2168558.8505,0,0
2025-01-24 21:00:00+00:00,2164367.195,0,0
2025-01-24 22:00:00+00:00,2249072.226,0,0
2025-01-24 23:00:00+00:00,2327662.9145,0,0
2025-01-25 00:00:00+00:00,2362183.176,0,1
2025-01-25 01:00:00+00:00,2348319.8305,0,1
2025-01-25 02:00:00+00:00,2265074.1270000003,0,1
2025-01-25 03:00:00+00:00,2077184.111,0,1
2025-01-25 04:00:00+00:00,1993805.977,0,1
2025-01-25 05:00:00+00:00,2086512.682,0,1
2025-01-25 06:00:00+00:00,2171532.982,0,1
2025-01-25 07:00:00+00:00,2087334.06,0,1
2025-01-25 08:00:00+00:00,2052313.0015,0,1
2025-01-25 09:00:00+00:00,1772022.133,0,1
2025-01-25 10:00:00+00:00,1522769.132,0,1
2025-01-25 11:00:00+00:00,1433176.787,0,1
2025-01-25 12:00:00+00:00,1404534.8484999998,0,1
2025-01-25 13:00:00+00:00,1415200.514,0,1
2025-01-25 14:00:00+00:00,1339542.487,0,1
2025-01-25 15:00:00+00:00,1330070.5520000001,0,1
2025-01-25 16:00:00+00:00,1290211.3735,0,1
2025-01-25 17:00:00+00:00,1142437.2465,0,1
2025-01-25 18:00:00+00:00,958555.741,0,1
2025-01-25 19:00:00+00:00,1129021.543,0,1
2025-01-25 20:00:00+00:00,1214312.102,0,1
2025-01-25 21:00:00+00:00,1398723.063,0,1
2025-01-25 22:00:00+00:00,1594848.903,0,-1
2025-01-25 23:00:00+00:00,1774940.9825,0,-1
2025-01-26 00:00:00+00:00,1955331.189,0,1
2025-01-26 01:00:00+00:00,2081305.6475,0,1
2025-01-26 02:00:00+00:00,2295967.65,0,1
2025-01-26 03:00:00+00:00,2282614.248,0,1
2025-01-26 04:00:00+00:00,2331289.438,0,1
2025-01-26 05:00:00+00:00,2295411.115,0,1
2025-01-26 06:00:00+00:00,2298258.1785,0,1
2025-01-26 07:00:00+00:00,2340328.4814999998,0,1
2025-01-26 08:00:00+00:00,2408789.2085,0,1
2025-01-26 09:00:00+00:00,2444684.495,0,1
2025-01-26 10:00:00+00:00,2528876.202,0,1
2025-01-26 11:00:00+00:00,2557505.2854999998,0,1
2025-01-26 12:00:00+00:00,2592549.549,0,1
2025-01-26 13:00:00+00:00,2577635.8205,0,1
2025-01-26 14:00:00+00:00,2540795.199,0,1
2025-01-26 15:00:00+00:00,2438507.455,0,1
2025-01-26 16:00:00+00:00,2327214.9665,0,1
2025-01-26 17:00:00+00:00,2285503.693,0,1
2025-01-26 18:00:00+00:00,2241618.3955,0,1
2025-01-26 19:00:00+00:00,2340921.4069999997,0,1
2025-01-26 20:00:00+00:00,2419673.4195,0,1
2025-01-26 21:00:00+00:00,2389612.0515,0,1
2025-01-26 22:00:00+00:00,2375044.6500000004,0,1
2025-01-26 23:00:00+00:00,2370648.033,0,1
2025-01-27 00:00:00+00:00,2441525.1455,0,2
2025-01-27 01:00:00+00:00,2482343.0995,0,2
2025-01-27 02:00:00+00:00,2473532.183,0,2
2025-01-27 03:00:00+00:00,2491569.357,0,2
2025-01-27 04:00:00+00:00,2506464.6785,0,2
2025-01-27 05:00:00+00:00,2470134.59,0,2
2025-01-27 06:00:00+00:00,2437105.6295,0,2
2025-01-27 07:00:00+00:00,2397280.063,0,2
2025-01-27 08:00:00+00:00,2318737.9065,0,2
2025-01-27 09:00:00+00:00,2370236.118,0,2
2025-01-27 10:00:00+00:00,2461676.2235,0,2
2025-01-27 11:00:00+00:00,2547545.9515,0,2
2025-01-27 12:00:00+00:00,2660609.9645,0,2
2025-01-27 13:00:00+00:00,2685990.333,0,2
2025-01-27 14:00:00+00:00,2686321.511,0,2
2025-01-27 15:00:00+00:00,2700371.325,0,2
2025-01-27 16:00:00+00:00,2648601.9525,0,2
2025-01-27 17:00:00+00:00,2674291.215,0,2
2025-01-27 18:00:00+00:00,2678759.3905,0,2
2025-01-27 19:00:00+00:00,2651641.2495,0,2
2025-01-27 20:00:00+00:00,2627524.3065,0,2
2025-01-27 21:00:00+00:00,2562445.569,0,2
2025-01-27 22:00:00+00:00,2479437.331,0,2
2025-01-27 23:00:00+00:00,2311705.5805,0,2
2025-01-28 00:00:00+00:00,2327943.037,0,2
2025-01-28 01:00:00+00:00,2366318.0585000003,0,2
2025-01-28 02:00:00+00:00,2319864.903,0,2
2025-01-28 03:00:00+00:00,2341915.1945,0,2
2025-01-28 04:00:00+00:00,2342215.318,0,2
2025-01-28 05:00:00+00:00,2298807.7365,0,2
2025-01-28 06:00:00+00:00,2330033.3035,0,2
2025-01-28 07:00:00+00:00,2345948.9525,0,2
2025-01-28 08:00:00+00:00,2367092.2929999996,0,2
2025-01-28 09:00:00+00:00,2373247.321,0,2
2025-01-28 10:00:00+00:00,2326267.522,0,2
2025-01-28 11:00:00+00:00,2352675.1995,0,2
2025-01-28 12:00:00+00:00,2407450.0055,0,2
2025-01-28 13:00:00+00:00,2425381.5645000003,0,2
2025-01-28 14:00:00+00:00,2380657.7225,0,2
2025-01-28 15:00:00+00:00,2316484.086,0,2
2025-01-28 16:00:00+00:00,2187967.3140000002,0,2
2025-01-28 17:00:00+00:00,2015272.978,0,2
2025-01-28 18:00:00+00:00,1883128.331,0,2
2025-01-28 19:00:00+00:00,1788392.6039999998,0,2
2025-01-28 20:00:00+00:00,1667816.1554999999,0,2
2025-01-28 21:00:00+00:00,1700107.7565000001,0,2
2025-01-28 22:00:00+00:00,1728148.7725,0,2
2025-01-28 23:00:00+00:00,1742814.337,0,2
2025-01-29 00:00:00+00:00,1722095.298,0,2
2025-01-29 01:00:00+00:00,1861155.947,0,2
2025-01-29 02:00:00+00:00,2023604.704,0,2
2025-01-29 03:00:00+00:00,2165753.1895000003,0,2
2025-01-29 04:00:00+00:00,2269169.308,0,2
2025-01-29 05:00:00+00:00,2330671.9655,0,2
2025-01-29 06:00:00+00:00,2348658.4545,0,2
2025-01-29 07:00:00+00:00,2461321.494,0,2
2025-01-29 08:00:00+00:00,2462533.4875,0,2
2025-01-29 09:00:00+00:00,2443066.426,0,2
2025-01-29 10:00:00+00:00,2521039.6289999997,0,2
2025-01-29 11:00:00+00:00,2604758.688,0,2
2025-01-29 12:00:00+00:00,2579670.16,0,2
2025-01-29 13:00:00+00:00,2560312.706,0,2
2025-01-29 14:00:00+00:00,2549643.95,0,2
2025-01-29 15:00:00+00:00,2522299.3265,0,2
2025-01-29 16:00:00+00:00,2298514.707,0,2
2025-01-29 17:00:00+00:00,2267391.8945,0,2
2025-01-29 18:00:00+00:00,2056910.6465,0,2
2025-01-29 19:00:00+00:00,1939193.455,0,2
2025-01-29 20:00:00+00:00,2086284.0410000002,0,2
2025-01-29 21:00:00+00:00,2285562.073,0,2
2025-01-29 22:00:00+00:00,2368378.164,0,2
2025-01-29 23:00:00+00:00,2484598.1035,0,2
2025-01-30 00:00:00+00:00,2491100.125,0,12
2025-01-30 01:00:00+00:00,2420421.5,0,12
2025-01-30 02:00:00+00:00,2473993.296,0,12
2025-01-30 03:00:00+00:00,2500150.4110000003,0,12
2025-01-30 04:00:00+00:00,2483622.6075,0,12
2025-01-30 05:00:00+00:00,2446436.306,0,12
2025-01-30 06:00:00+00:00,2418851.331,0,12
2025-01-30 07:00:00+00:00,2363413.9375,0,12
2025-01-30 08:00:00+00:00,2294043.6085,0,12
2025-01-30 09:00:00+00:00,2207664.0835,0,12
2025-01-30 10:00:00+00:00,2096991.3045,0,12
2025-01-30 11:00:00+00:00,2142289.2005000003,0,12
2025-01-30 12:00:00+00:00,2201545.1755,0,12
2025-01-30 13:00:00+00:00,2065209.9764999999,0,12
2025-01-30 14:00:00+00:00,2136552.7939999998,0,12
2025-01-30 15:00:00+00:00,2088392.37,0,12
2025-01-30 16:00:00+00:00,1888255.5025,0,12
2025-01-30 17:00:00+00:00,1804820.383,0,12
2025-01-30 18:00:00+00:00,1878715.349,0,12
2025-01-30 19:00:00+00:00,1865560.2719999999,0,12
2025-01-30 20:00:00+00:00,1723394.557,0,12
2025-01-30 21:00:00+00:00,1507505.019,0,12
2025-01-30 22:00:00+00:00,1385389.001,0,-1
2025-01-30 23:00:00+00:00,1248540.713,0,-1
2025-01-31 00:00:00+00:00,1176577.04,0,13
2025-01-31 01:00:00+00:00,1050332.9625,0,13
2025-01-31 02:00:00+00:00,962443.934,0,13
2025-01-31 03:00:00+00:00,925167.4184999999,0,13
2025-01-31 04:00:00+00:00,862506.154,0,13
2025-01-31 05:00:00+00:00,862619.6555,0,13
2025-01-31 06:00:00+00:00,894502.648,0,13
2025-01-31 07:00:00+00:00,872965.222,0,13
2025-01-31 08:00:00+00:00,882966.792,0,13
2025-01-31 09:00:00+00:00,798310.0495,0,13
2025-01-31 10:00:00+00:00,674766.8015000001,0,13
2025-01-31 11:00:00+00:00,590335.492,0,13
2025-01-31 12:00:00+00:00,534613.4705,0,13
2025-01-31 13:00:00+00:00,517570.882,0,13
2025-01-31 14:00:00+00:00,520022.751,0,13
2025-01-31 15:00:00+00:00,523678.61699999997,0,13
2025-01-31 16:00:00+00:00,504951.2495,0,13
2025-01-31 17:00:00+00:00,450258.40599999996,0,13
2025-01-31 18:00:00+00:00,482190.3535,0,13
2025-01-31 19:00:00+00:00,518389.00899999996,0,13
2025-01-31 20:00:00+00:00,564132.796,0,13
2025-01-31 21:00:00+00:00,635063.879,0,13
2025-01-31 22:00:00+00:00,664654.4214999999,0,13
2025-01-31 23:00:00+00:00,696573.9175,0,13
2025-02-01 00:00:00+00:00,768797.4455,0,14
2025-02-01 01:00:00+00:00,848184.975,0,14
2025-02-01 02:00:00+00:00,997557.7,0,14
2025-02-01 03:00:00+00:00,1062683.937,0,14
2025-02-01 04:00:00+00:00,1169503.3535,0,14
2025-02-01 05:00:00+00:00,1226087.5664999997,0,14
2025-02-01 06:00:00+00:00,1179863.55,0,14
2025-02-01 07:00:00+00:00,1228791.5455,0,14
2025-02-01 08:00:00+00:00,1233516.1525,0,14
2025-02-01 09:00:00+00:00,1165820.3175,0,14
2025-02-01 10:00:00+00:00,1095390.135,0,14
2025-02-01 11:00:00+00:00,1026078.0655,0,14
2025-02-01 12:00:00+00:00,1041188.813,0,14
2025-02-01 13:00:00+00:00,1075177.0844999999,0,14
2025-02-01 14:00:00+00:00,1000233.5855,0,14
2025-02-01 15:00:00+00:00,1053404.05,0,14
2025-02-01 16:00:00+00:00,1308162.656,0,14
2025-02-01 17:00:00+00:00,1413936.4025,0,14
2025-02-01 18:00:00+00:00,1381309.152,0,14
2025-02-01 19:00:00+00:00,1358770.963,0,14
2025-02-01 20:00:00+00:00,1408911.263,0,14
2025-02-01 21:00:00+00:00,1390554.102,0,14
2025-02-01 22:00:00+00:00,1339469.561,0,14
2025-02-01 23:00:00+00:00,1273166.527,0,14
2025-02-02 00:00:00+00:00,1189100.511,0,15
2025-02-02 01:00:00+00:00,1043682.147,0,15
2025-02-02 02:00:00+00:00,939191.4845,0,15
2025-02-02 03:00:00+00:00,980085.6535,0,15
2025-02-02 04:00:00+00:00,902591.447,0,15
2025-02-02 05:00:00+00:00,874840.2420000001,0,15
2025-02-02 06:00:00+00:00,946718.8674999999,0,15
2025-02-02 07:00:00+00:00,1072692.4855,0,15
2025-02-02 08:00:00+00:00,1102051.986,0,15
2025-02-02 09:00:00+00:00,1210133.468,0,15
2025-02-02 10:00:00+00:00,1471205.006,0,15
2025-02-02 11:00:00+00:00,1618784.0835,0,15
2025-02-02 12:00:00+00:00,1647540.4745,0,15
2025-02-02 13:00:00+00:00,1663166.2575,0,15
2025-02-02 14:00:00+00:00,1692254.552,0,15
2025-02-02 15:00:00+00:00,1709335.8730000001,0,15
2025-02-02 16:00:00+00:00,1781180.743,0,15
2025-02-02 17:00:00+00:00,1922180.5745,0,15
2025-02-02 18:00:00+00:00,1981280.544,0,15
2025-02-02 19:00:00+00:00,2141337.7649999997,0,15
2025-02-02 20:00:00+00:00,2178763.5190000003,0,15
2025-02-02 21:00:00+00:00,2176308.7835,0,15
2025-02-02 22:00:00+00:00,2047342.4475,0,15
2025-02-02 23:00:00+00:00,1908973.608,0,15
2025-02-03 00:00:00+00:00,1874553.2545,0,16
2025-02-03 01:00:00+00:00,1932601.8020000001,0,16
2025-02-03 02:00:00+00:00,1906852.648,0,16
2025-02-03 03:00:00+00:00,1924796.1525,0,16
2025-02-03 04:00:00+00:00,1864326.4394999999,0,16
2025-02-03 05:00:00+00:00,1751157.295,0,16
2025-02-03 06:00:00+00:00,1755472.2405,0,16
2025-02-03 07:00:00+00:00,1796048.089,0,16
2025-02-03 08:00:00+00:00,1790953.822,0,16
2025-02-03 09:00:00+00:00,1623852.511,0,16
2025-02-03 10:00:00+00:00,1367530.0545,0,-1
2025-02-03 11:00:00+00:00,1156284.5745,0,-1
2025-02-03 12:00:00+00:00,1003854.8555000001,0,17
2025-02-03 13:00:00+00:00,925670.0520000001,0,17
2025-02-03 14:00:00+00:00,855341.8404999999,0,17
2025-02-03 15:00:00+00:00,692517.056,0,17
2025-02-03 16:00:00+00:00,567951.6395,0,17
2025-02-03 17:00:00+00:00,499891.237,0,17
2025-02-03 18:00:00+00:00,526446.887,0,17
2025-02-03 19:00:00+00:00,600301.12,0,17
2025-02-03 20:00:00+00:00,591145.1225,0,17
2025-02-03 21:00:00+00:00,528878.0094999999,1,17
2025-02-03 22:00:00+00:00,538621.7165,1,17
2025-02-03 23:00:00+00:00,543165.5505,1,17
2025-02-04 00:00:00+00:00,488083.2395,1,18
2025-02-04 01:00:00+00:00,478400.613,1,18
2025-02-04 02:00:00+00:00,473312.3185,1,18
2025-02-04 03:00:00+00:00,426606.93799999997,1,18
2025-02-04 04:00:00+00:00,381413.23750000005,1,18
2025-02-04 05:00:00+00:00,382758.80700000003,1,18
2025-02-04 06:00:00+00:00,415880.56799999997,1,18
2025-02-04 07:00:00+00:00,428639.12100000004,1,18
2025-02-04 08:00:00+00:00,434460.811,1,18
2025-02-04 09:00:00+00:00,466181.1205,1,18
2025-02-04 10:00:00+00:00,464202.8885,1,18
2025-02-04 11:00:00+00:00,469783.8845,1,18
2025-02-04 12:00:00+00:00,471580.9935,1,18
2025-02-04 13:00:00+00:00,463729.02,1,18
2025-02-04 14:00:00+00:00,447739.69399999996,1,18
2025-02-04 15:00:00+00:00,426070.831,1,18
2025-02-04 16:00:00+00:00,400465.7235,1,18
2025-02-04 17:00:00+00:00,359738.7355,1,18
2025-02-04 18:00:00+00:00,345346.93799999997,1,18
2025-02-04 19:00:00+00:00,359816.64,1,18
2025-02-04 20:00:00+00:00,365830.0905,1,18
2025-02-04 21:00:00+00:00,369673.1285,1,18
2025-02-04 22:00:00+00:00,369074.2355,1,18
2025-02-04 23:00:00+00:00,368052.0595,1,18
2025-02-05 00:00:00+00:00,368696.27749999997,1,19
2025-02-05 01:00:00+00:00,397448.785,1,19
2025-02-05 02:00:00+00:00,438396.9375,1,19
2025-02-05 03:00:00+00:00,489979.257,1,19
2025-02-05 04:00:00+00:00,497113.229,1,19
2025-02-05 05:00:00+00:00,529789.933,1,19
2025-02-05 06:00:00+00:00,603024.8055,1,19
2025-02-05 07:00:00+00:00,652913.1414999999,1,19
2025-02-05 08:00:00+00:00,733662.5675,1,19
2025-02-05 09:00:00+00:00,791757.406,1,19
2025-02-05 10:00:00+00:00,815893.191,1,19
2025-02-05 11:00:00+00:00,831849.3955,1,19
2025-02-05 12:00:00+00:00,827323.4455,1,19
2025-02-05 13:00:00+00:00,763506.9105,1,19
2025-02-05 14:00:00+00:00,705592.5064999999,1,19
2025-02-05 15:00:00+00:00,618648.2195,1,19
2025-02-05 16:00:00+00:00,526091.0555,1,19
2025-02-05 17:00:00+00:00,485263.933,1,19
2025-02-05 18:00:00+00:00,545799.032,1,19
2025-02-05 19:00:00+00:00,672706.4185,1,19
2025-02-05 20:00:00+00:00,818133.875,1,19
2025-02-05 21:00:00+00:00,923928.5430000001,1,19
2025-02-05 22:00:00+00:00,1031563.23,1,19
2025-02-05 23:00:00+00:00,1086909.5474999999,1,19
2025-02-06 00:00:00+00:00,1057363.418,1,19
2025-02-06 01:00:00+00:00,953359.5325,1,19
2025-02-06 02:00:00+00:00,894163.8425,1,19
2025-02-06 03:00:00+00:00,859630.1494999999,1,19
2025-02-06 04:00:00+00:00,813313.5025,1,19
2025-02-06 05:00:00+00:00,786295.355,1,19
2025-02-06 06:00:00+00:00,731079.888,1,19
2025-02-06 07:00:00+00:00,654458.912,1,19
2025-02-06 08:00:00+00:00,593798.257,1,19
2025-02-06 09:00:00+00:00,544215.5345,1,19
2025-02-06 10:00:00+00:00,492945.1585,1,19
2025-02-06 11:00:00+00:00,453207.329,1,19
2025-02-06 12:00:00+00:00,443888.7145,1,19
2025-02-06 13:00:00+00:00,452669.159,1,19
2025-02-06 14:00:00+00:00,445631.5015,1,19
2025-02-06 15:00:00+00:00,444189.064,1,19
2025-02-06 16:00:00+00:00,441975.1395,1,19
2025-02-06 17:00:00+00:00,448904.082,1,19
2025-02-06 18:00:00+00:00,470839.9895,1,19
2025-02-06 19:00:00+00:00,551925.088,1,19
2025-02-06 20:00:00+00:00,670929.9935,1,19
2025-02-06 21:00:00+00:00,800053.9839999999,1,19
2025-02-06 22:00:00+00:00,935716.8595,1,19
2025-02-06 23:00:00+00:00,1123227.8535,1,19
2025-02-07 00:00:00+00:00,1215846.1779999998,1,20
2025-02-07 01:00:00+00:00,1282230.145,1,20
2025-02-07 02:00:00+00:00,1405128.12,1,20
2025-02-07 03:00:00+00:00,1522130.731,1,20
2025-02-07 04:00:00+00:00,1635656.1805,1,20
2025-02-07 05:00:00+00:00,1758465.3745,1,20
2025-02-07 06:00:00+00:00,1820675.2035,1,20
2025-02-07 07:00:00+00:00,1896089.4325,1,20
2025-02-07 08:00:00+00:00,1971265.4735,1,20
2025-02-07 09:00:00+00:00,2138543.7255,1,20
2025-02-07 10:00:00+00:00,2175077.684,2,20
2025-02-07 11:00:00+00:00,2037649.7275,2,20
2025-02-07 12:00:00+00:00,1961935.4725,2,20
2025-02-07 13:00:00+00:00,1926251.72,2,20
2025-02-07 14:00:00+00:00,1777732.5954999998,2,20
2025-02-07 15:00:00+00:00,1653215.919,2,20
2025-02-07 16:00:00+00:00,1486745.6099999999,1,20
2025-02-07 17:00:00+00:00,1470081.7625,1,20
2025-02-07 18:00:00+00:00,1441118.5045,2,20
2025-02-07 19:00:00+00:00,1382212.475,2,20
2025-02-07 20:00:00+00:00,1355206.5525,2,20
2025-02-07 21:00:00+00:00,1293837.6945000002,2,20
2025-02-07 22:00:00+00:00,1169303.3305,1,20
2025-02-07 23:00:00+00:00,1042614.2415,1,20
2025-02-08 00:00:00+00:00,1000804.185,1,19
2025-02-08 01:00:00+00:00,913684.2585,1,19
2025-02-08 02:00:00+00:00,806598.298,1,19
2025-02-08 03:00:00+00:00,724269.336,1,19
2025-02-08 04:00:00+00:00,669545.683,1,19
2025-02-08 05:00:00+00:00,619334.492,1,19
2025-02-08 06:00:00+00:00,617831.184,1,19
2025-02-08 07:00:00+00:00,618561.8659999999,1,19
2025-02-08 08:00:00+00:00,634724.1475,1,19
2025-02-08 09:00:00+00:00,625307.0025,1,19
2025-02-08 10:00:00+00:00,578783.9405,1,19
2025-02-08 11:00:00+00:00,558814.329,1,19
2025-02-08 12:00:00+00:00,554835.8759999999,1,19
2025-02-08 13:00:00+00:00,610902.517,1,19
2025-02-08 14:00:00+00:00,678698.1875,1,19
2025-02-08 15:00:00+00:00,682582.7595,1,19
2025-02-08 16:00:00+00:00,657766.0035,1,19
2025-02-08 17:00:00+00:00,665389.8345,1,19
2025-02-08 18:00:00+00:00,712785.4785,1,19
2025-02-08 19:00:00+00:00,761530.088,1,19
2025-02-08 20:00:00+00:00,808420.367,1,19
2025-02-08 21:00:00+00:00,802779.5395,1,19
2025-02-08 22:00:00+00:00,767104.9695,1,19
2025-02-08 23:00:00+00:00,730990.089,1,19
2025-02-09 00:00:00+00:00,717283.1910000001,1,19
2025-02-09 01:00:00+00:00,703299.6984999999,1,19
2025-02-09 02:00:00+00:00,683900.5775,1,19
2025-02-09 03:00:00+00:00,647720.831,1,19
2025-02-09 04:00:00+00:00,630499.8225,1,19
2025-02-09 05:00:00+00:00,554516.7755,1,19
2025-02-09 06:00:00+00:00,520240.3105,1,19
2025-02-09 07:00:00+00:00,500646.218,1,19
2025-02-09 08:00:00+00:00,498839.3375,1,19
2025-02-09 09:00:00+00:00,486605.775,1,19
2025-02-09 10:00:00+00:00,481970.2645,1,19
2025-02-09 11:00:00+00:00,502585.2665,1,19
2025-02-09 12:00:00+00:00,518760.216,1,19
2025-02-09 13:00:00+00:00,526052.7435,1,19
2025-02-09 14:00:00+00:00,526693.994,1,19
2025-02-09 15:00:00+00:00,488551.90150000004,1,19
2025-02-09 16:00:00+00:00,454271.9685,1,19
2025-02-09 17:00:00+00:00,441899.44,1,19
2025-02-09 18:00:00+00:00,436632.2975,1,19
2025-02-09 19:00:00+00:00,410141.1015,1,19
2025-02-09 20:00:00+00:00,401666.63049999997,1,19
2025-02-09 21:00:00+00:00,391520.817,1,19
2025-02-09 22:00:00+00:00,408299.5595,1,19
2025-02-09 23:00:00+00:00,400548.05,1,19
2025-02-10 00:00:00+00:00,396392.7645,1,21
2025-02-10 01:00:00+00:00,412432.185,1,21
2025-02-10 02:00:00+00:00,437916.35099999997,1,21
2025-02-10 03:00:00+00:00,458939.4965,1,21
2025-02-10 04:00:00+00:00,485261.7575,1,21
2025-02-10 05:00:00+00:00,514439.40400000004,1,21
2025-02-10 06:00:00+00:00,531338.2315,1,21
2025-02-10 07:00:00+00:00,570428.524,1,21
2025-02-10 08:00:00+00:00,652081.4764999999,1,21
2025-02-10 09:00:00+00:00,712099.11,1,21
2025-02-10 10:00:00+00:00,794386.38,1,21
2025-02-10 11:00:00+00:00,829619.987,1,21
2025-02-10 12:00:00+00:00,858118.319,1,21
2025-02-10 13:00:00+00:00,832195.6995,1,21
2025-02-10 14:00:00+00:00,819839.3075,1,21
2025-02-10 15:00:00+00:00,802760.3470000001,1,21
2025-02-10 16:00:00+00:00,819094.5525,1,21
2025-02-10 17:00:00+00:00,827938.2465,1,21
2025-02-10 18:00:00+00:00,878708.8805,1,21
2025-02-10 19:00:00+00:00,965648.1535,1,21
2025-02-10 20:00:00+00:00,1058462.5665,1,21
2025-02-10 21:00:00+00:00,1157169.0644999999,1,21
2025-02-10 22:00:00+00:00,1248857.786,1,21
2025-02-10 23:00:00+00:00,1330070.639,1,21
2025-02-11 00:00:00+00:00,1345087.5385000003,1,22
2025-02-11 01:00:00+00:00,1433696.8900000001,1,22
2025-02-11 02:00:00+00:00,1553869.2555,1,22
2025-02-11 03:00:00+00:00,1615599.2425,1,22
2025-02-11 04:00:00+00:00,1637128.327,1,22
2025-02-11 05:00:00+00:00,1620628.552,1,22
2025-02-11 06:00:00+00:00,1658240.0274999999,1,22
2025-02-11 07:00:00+00:00,1761423.3675000002,1,22
2025-02-11 08:00:00+00:00,1771813.8,1,22
2025-02-11 09:00:00+00:00,1823619.0105,1,22
2025-02-11 10:00:00+00:00,1783467.736,1,22
2025-02-11 11:00:00+00:00,1737647.527,1,22
2025-02-11 12:00:00+00:00,1751919.068,1,22
2025-02-11 13:00:00+00:00,1740568.4915,1,22
2025-02-11 14:00:00+00:00,1664068.0275,1,22
2025-02-11 15:00:00+00:00,1487617.7495,1,22
2025-02-11 16:00:00+00:00,1196122.7635,1,22
2025-02-11 17:00:00+00:00,1001387.4675,1,22
2025-02-11 18:00:00+00:00,862300.4775,1,22
2025-02-11 19:00:00+00:00,825563.6924999999,1,22
2025-02-11 20:00:00+00:00,922563.8049999999,1,22
2025-02-11 21:00:00+00:00,1125654.679,1,22
2025-02-11 22:00:00+00:00,1340489.048,1,22
2025-02-11 23:00:00+00:00,1427933.233,1,22
2025-02-12 00:00:00+00:00,1516103.6305,1,22
2025-02-12 01:00:00+00:00,1614079.8915,1,22
2025-02-12 02:00:00+00:00,1523811.683,1,22
2025-02-12 03:00:00+00:00,1437729.713,1,22
2025-02-12 04:00:00+00:00,1355448.701,1,22
2025-02-12 05:00:00+00:00,1240133.132,1,22
2025-02-12 06:00:00+00:00,1241949.2765,1,22
2025-02-12 07:00:00+00:00,1149549.744,1,22
2025-02-12 08:00:00+00:00,1062464.3275000001,1,22
2025-02-12 09:00:00+00:00,983065.173,1,22
2025-02-12 10:00:00+00:00,915711.0425,1,22
2025-02-12 11:00:00+00:00,879535.5555,1,22
2025-02-12 12:00:00+00:00,877206.8744999999,1,22
2025-02-12 13:00:00+00:00,925013.091,1,22
2025-02-12 14:00:00+00:00,1038899.2585,1,22
2025-02-12 15:00:00+00:00,1117485.299,1,22
2025-02-12 16:00:00+00:00,998992.754,1,22
2025-02-12 17:00:00+00:00,891585.962,1,22
2025-02-12 18:00:00+00:00,801075.8844999999,1,22
2025-02-12 19:00:00+00:00,719636.3994999999,1,22
2025-02-12 20:00:00+00:00,712748.0695,1,22
2025-02-12 21:00:00+00:00,714900.5935,1,22
2025-02-12 22:00:00+00:00,730626.7995,1,22
2025-02-12 23:00:00+00:00,796228.8035,1,22
2025-02-13 00:00:00+00:00,816143.671,1,19
2025-02-13 01:00:00+00:00,785204.7825000001,1,19
2025-02-13 02:00:00+00:00,747475.2775000001,1,19
2025-02-13 03:00:00+00:00,746207.654,1,19
2025-02-13 04:00:00+00:00,687510.1344999999,1,19
2025-02-13 05:00:00+00:00,632707.8815,1,19
2025-02-13 06:00:00+00:00,531593.038,1,19
2025-02-13 07:00:00+00:00,510595.7825,1,19
2025-02-13 08:00:00+00:00,539121.8785,1,19
2025-02-13 09:00:00+00:00,536083.3065,1,19
2025-02-13 10:00:00+00:00,573398.621,1,19
2025-02-13 11:00:00+00:00,611890.5755,1,19
2025-02-13 12:00:00+00:00,629508.74,1,19
2025-02-13 13:00:00+00:00,678383.5145,1,19
2025-02-13 14:00:00+00:00,705007.9619999999,1,19
2025-02-13 15:00:00+00:00,740427.003,1,19
2025-02-13 16:00:00+00:00,700458.5385,1,19
2025-02-13 17:00:00+00:00,667451.496,1,19
2025-02-13 18:00:00+00:00,630770.0795,1,19
2025-02-13 19:00:00+00:00,634136.2855,1,19
2025-02-13 20:00:00+00:00,683839.2725,1,19
2025-02-13 21:00:00+00:00,698234.357,1,19
2025-02-13 22:00:00+00:00,709039.278,1,19
2025-02-13 23:00:00+00:00,726142.351,1,19
2025-02-14 00:00:00+00:00,703197.6714999999,1,19
2025-02-14 01:00:00+00:00,666692.5260000001,1,19
2025-02-14 02:00:00+00:00,643751.5085,1,19
2025-02-14 03:00:00+00:00,629247.7509999999,1,19
2025-02-14 04:00:00+00:00,650929.5235000001,1,19
2025-02-14 05:00:00+00:00,727404.1174999999,1,19
2025-02-14 06:00:00+00:00,832169.591,1,19
2025-02-14 07:00:00+00:00,959033.0805,1,19
2025-02-14 08:00:00+00:00,1064043.3805,1,19
2025-02-14 09:00:00+00:00,1034551.7565,1,19
2025-02-14 10:00:00+00:00,938218.479,1,19
2025-02-14 11:00:00+00:00,960986.6240000001,1,19
2025-02-14 12:00:00+00:00,924552.3010000001,1,19
2025-02-14 13:00:00+00:00,845361.655,1,19
2025-02-14 14:00:00+00:00,825549.1635,1,19
2025-02-14 15:00:00+00:00,838004.617,1,19
2025-02-14 16:00:00+00:00,878603.769,1,19
2025-02-14 17:00:00+00:00,920216.0255,1,19
2025-02-14 18:00:00+00:00,1050343.6265,1,19
2025-02-14 19:00:00+00:00,1162880.174,1,19
2025-02-14 20:00:00+00:00,1125789.0835,1,19
2025-02-14 21:00:00+00:00,1020669.6780000001,1,19
2025-02-14 22:00:00+00:00,950541.4285,1,19
2025-02-14 23:00:00+00:00,929351.7964999999,1,19
2025-02-15 00:00:00+00:00,1095149.3020000001,1,20
2025-02-15 01:00:00+00:00,1375037.2135,1,20
2025-02-15 02:00:00+00:00,1507417.709,1,20
2025-02-15 03:00:00+00:00,1514878.2145,1,20
2025-02-15 04:00:00+00:00,1565962.1600000001,1,20
2025-02-15 05:00:00+00:00,1630900.4775,1,20
2025-02-15 06:00:00+00:00,1729308.122,1,20
2025-02-15 07:00:00+00:00,1806459.7955,1,20
2025-02-15 08:00:00+00:00,1836336.934,1,20
2025-02-15 09:00:00+00:00,1816751.6639999999,1,20
2025-02-15 10:00:00+00:00,1825218.0735,1,20
2025-02-15 11:00:00+00:00,1732232.0135,1,20
2025-02-15 12:00:00+00:00,1646425.254,1,20
2025-02-15 13:00:00+00:00,1575725.5985,1,20
2025-02-15 14:00:00+00:00,1572102.4665,1,20
2025-02-15 15:00:00+00:00,1584180.298,1,20
2025-02-15 16:00:00+00:00,1506389.1535,1,20
2025-02-15 17:00:00+00:00,1470842.5165,1,20
2025-02-15 18:00:00+00:00,1499714.629,2,20
2025-02-15 19:00:00+00:00,1571420.932,2,20
2025-02-15 20:00:00+00:00,1552852.126,2,20
2025-02-15 21:00:00+00:00,1534100.6515,2,20
2025-02-15 22:00:00+00:00,1485694.6115,2,20
2025-02-15 23:00:00+00:00,1378851.5445,2,20
2025-02-16 00:00:00+00:00,1192395.5355,1,19
2025-02-16 01:00:00+00:00,1057798.9625,1,19
2025-02-16 02:00:00+00:00,907579.587,1,19
2025-02-16 03:00:00+00:00,778189.346,1,19
2025-02-16 04:00:00+00:00,683864.2945,1,19
2025-02-16 05:00:00+00:00,688757.9515,1,19
2025-02-16 06:00:00+00:00,710366.4670000001,1,19
2025-02-16 07:00:00+00:00,738426.9065,1,19
2025-02-16 08:00:00+00:00,745485.897,1,19
2025-02-16 09:00:00+00:00,735392.6485,1,19
2025-02-16 10:00:00+00:00,724321.8345,1,19
2025-02-16 11:00:00+00:00,674409.1625,1,19
2025-02-16 12:00:00+00:00,613939.583,1,19
2025-02-16 13:00:00+00:00,580972.581,1,19
2025-02-16 14:00:00+00:00,518538.5125,1,19
2025-02-16 15:00:00+00:00,490918.928,1,19
2025-02-16 16:00:00+00:00,464207.626,1,19
2025-02-16 17:00:00+00:00,419974.001,1,19
2025-02-16 18:00:00+00:00,401692.2535,1,19
2025-02-16 19:00:00+00:00,417519.7245,1,19
2025-02-16 20:00:00+00:00,404149.761,1,19
2025-02-16 21:00:00+00:00,363410.097,1,19
2025-02-16 22:00:00+00:00,327716.276,1,19
2025-02-16 23:00:00+00:00,308262.7415,1,19
2025-02-17 00:00:00+00:00,299434.043,1,21
2025-02-17 01:00:00+00:00,296416.7465,1,21
2025-02-17 02:00:00+00:00,295465.582,1,21
2025-02-17 03:00:00+00:00,298711.695,1,21
2025-02-17 04:00:00+00:00,298705.57200000004,1,21
2025-02-17 05:00:00+00:00,296233.81799999997,1,21
2025-02-17 06:00:00+00:00,303108.75549999997,1,21
2025-02-17 07:00:00+00:00,329665.64650000003,1,21
2025-02-17 08:00:00+00:00,360468.547,1,21
2025-02-17 09:00:00+00:00,387624.278,1,21
2025-02-17 10:00:00+00:00,447225.89400000003,1,21
2025-02-17 11:00:00+00:00,502018.8885,1,21
2025-02-17 12:00:00+00:00,561168.459,1,21
2025-02-17 13:00:00+00:00,602124.3495,1,21
2025-02-17 14:00:00+00:00,642825.8335,1,21
2025-02-17 15:00:00+00:00,679634.8495,1,21
2025-02-17 16:00:00+00:00,688703.6,1,21
2025-02-17 17:00:00+00:00,709667.7415,1,21
2025-02-17 18:00:00+00:00,841176.5,1,21
2025-02-17 19:00:00+00:00,1024597.1765000001,1,21
2025-02-17 20:00:00+00:00,1119863.925,1,21
2025-02-17 21:00:00+00:00,1214152.6195,1,21
2025-02-17 22:00:00+00:00,1265225.227,1,21
2025-02-17 23:00:00+00:00,1330834.768,1,21
2025-02-18 00:00:00+00:00,1499184.453,1,22
2025-02-18 01:00:00+00:00,1690280.629,1,22
2025-02-18 02:00:00+00:00,1775243.3095,1,22
2025-02-18 03:00:00+00:00,1800920.4139999999,1,22
2025-02-18 04:00:00+00:00,1915372.3845,1,22
2025-02-18 05:00:00+00:00,2078456.9145,1,22
2025-02-18 06:00:00+00:00,2129559.6825,1,22
2025-02-18 07:00:00+00:00,2067754.2349999999,1,22
2025-02-18 08:00:00+00:00,2013725.5915,1,22
2025-02-18 09:00:00+00:00,1967066.7795,2,22
2025-02-18 10:00:00+00:00,1923198.1215,2,22
2025-02-18 11:00:00+00:00,1929271.529,2,22
2025-02-18 12:00:00+00:00,1818058.245,2,22
2025-02-18 13:00:00+00:00,1649826.388,2,22
2025-02-18 14:00:00+00:00,1476211.3654999998,1,22
2025-02-18 15:00:00+00:00,1390296.571,1,22
2025-02-18 16:00:00+00:00,1263855.897,1,22
2025-02-18 17:00:00+00:00,1192944.9755,1,22
2025-02-18 18:00:00+00:00,1207572.7155,1,22
2025-02-18 19:00:00+00:00,1102541.6184999999,1,22
2025-02-18 20:00:00+00:00,1038074.0009999999,1,22
2025-02-18 21:00:00+00:00,1036339.181,1,22
2025-02-18 22:00:00+00:00,937291.4155,1,22
2025-02-18 23:00:00+00:00,725529.9225,1,22
2025-02-19 00:00:00+00:00,536947.2895,1,19
2025-02-19 01:00:00+00:00,428334.218,1,19
2025-02-19 02:00:00+00:00,429833.76300000004,1,19
2025-02-19 03:00:00+00:00,475466.4685,1,19
2025-02-19 04:00:00+00:00,471590.96800000005,1,19
2025-02-19 05:00:00+00:00,401097.154,1,19
2025-02-19 06:00:00+00:00,368141.908,1,19
2025-02-19 07:00:00+00:00,370833.2625,1,19
2025-02-19 08:00:00+00:00,384962.491,1,19
2025-02-19 09:00:00+00:00,402859.603,1,19
2025-02-19 10:00:00+00:00,416643.4915,1,19
2025-02-19 11:00:00+00:00,438725.035,1,19
2025-02-19 12:00:00+00:00,462389.945,1,19
2025-02-19 13:00:00+00:00,471401.5385,1,19
2025-02-19 14:00:00+00:00,464108.344,1,19
2025-02-19 15:00:00+00:00,441429.76300000004,1,19
2025-02-19 16:00:00+00:00,414422.95499999996,1,19
2025-02-19 17:00:00+00:00,398251.2605,1,19
2025-02-19 18:00:00+00:00,421216.94200000004,1,19
2025-02-19 19:00:00+00:00,473176.4625,1,19
2025-02-19 20:00:00+00:00,520321.549,1,19
2025-02-19 21:00:00+00:00,601815.526,1,19
2025-02-19 22:00:00+00:00,644763.5279999999,1,19
2025-02-19 23:00:00+00:00,704918.2995,1,19
2025-02-20 00:00:00+00:00,731321.211,1,19
2025-02-20 01:00:00+00:00,757949.3195,1,19
2025-02-20 02:00:00+00:00,774563.4775,1,19
2025-02-20 03:00:00+00:00,779782.6745,1,19
2025-02-20 04:00:00+00:00,794547.09,1,19
2025-02-20 05:00:00+00:00,830648.49,1,19
2025-02-20 06:00:00+00:00,792276.7505,1,19
2025-02-20 07:00:00+00:00,776497.0555,1,19
2025-02-20 08:00:00+00:00,739651.467,1,19
2025-02-20 09:00:00+00:00,751022.4355,1,19
2025-02-20 10:00:00+00:00,764498.579,1,19
2025-02-20 11:00:00+00:00,769570.102,1,19
2025-02-20 12:00:00+00:00,770296.488,1,19
2025-02-20 13:00:00+00:00,815580.3015000001,1,19
2025-02-20 14:00:00+00:00,855697.8025,1,19
2025-02-20 15:00:00+00:00,868404.49,1,19
2025-02-20 16:00:00+00:00,866072.1795,1,19
2025-02-20 17:00:00+00:00,889994.1195,1,19
2025-02-20 18:00:00+00:00,1046030.527,1,19
2025-02-20 19:00:00+00:00,1175750.048,1,19
2025-02-20 20:00:00+00:00,1290522.913,1,19
2025-02-20 21:00:00+00:00,1413889.1445,1,19
2025-02-20 22:00:00+00:00,1541037.144,1,19
2025-02-20 23:00:00+00:00,1599842.5655,1,19
2025-02-21 00:00:00+00:00,1618653.129,1,20
2025-02-21 01:00:00+00:00,1650796.6609999998,1,20
2025-02-21 02:00:00+00:00,1686575.9270000001,1,20
2025-02-21 03:00:00+00:00,1722216.0034999999,1,20
2025-02-21 04:00:00+00:00,1770055.932,1,20
2025-02-21 05:00:00+00:00,1896555.3035,1,20
2025-02-21 06:00:00+00:00,2052751.9885,2,20
2025-02-21 07:00:00+00:00,2127224.5615,2,20
2025-02-21 08:00:00+00:00,2136484.0435,2,20
2025-02-21 09:00:00+00:00,2168666.16,2,20
2025-02-21 10:00:00+00:00,2309110.084,2,20
2025-02-21 11:00:00+00:00,2417657.762,2,20
2025-02-21 12:00:00+00:00,2550745.6215,2,20
2025-02-21 13:00:00+00:00,2446770.4285,2,20
2025-02-21 14:00:00+00:00,2448055.3465,2,-1
2025-02-21 15:00:00+00:00,2266468.123,2,-1
2025-02-21 16:00:00+00:00,2091534.4749999999,2,-1
2025-02-21 17:00:00+00:00,1790394.8314999999,2,20
2025-02-21 18:00:00+00:00,1613559.0805,2,20
2025-02-21 19:00:00+00:00,1514932.29,2,20
2025-02-21 20:00:00+00:00,1503636.517,2,20
2025-02-21 21:00:00+00:00,1571745.562,2,20
2025-02-21 22:00:00+00:00,1430850.8905,2,20
2025-02-21 23:00:00+00:00,1235719.581,2,20
2025-02-22 00:00:00+00:00,1085257.9245,2,19
2025-02-22 01:00:00+00:00,982660.084,2,19
2025-02-22 02:00:00+00:00,919493.476,1,19
2025-02-22 03:00:00+00:00,860946.1065,1,19
2025-02-22 04:00:00+00:00,791995.109,1,19
2025-02-22 05:00:00+00:00,679106.236,1,19
2025-02-22 06:00:00+00:00,664208.7170000001,1,19
2025-02-22 07:00:00+00:00,771956.082,1,19
2025-02-22 08:00:00+00:00,713172.8485,1,19
2025-02-22 09:00:00+00:00,677774.233,1,19
2025-02-22 10:00:00+00:00,678795.456,1,19
2025-02-22 11:00:00+00:00,644264.2135000001,1,19
2025-02-22 12:00:00+00:00,648862.4645,1,19
2025-02-22 13:00:00+00:00,691405.2685,1,19
2025-02-22 14:00:00+00:00,747091.9885,1,19
2025-02-22 15:00:00+00:00,767497.7585,1,19
2025-02-22 16:00:00+00:00,690881.2685,1,19
2025-02-22 17:00:00+00:00,651252.5605,1,19
2025-02-22 18:00:00+00:00,570252.5325,1,19
2025-02-22 19:00:00+00:00,593774.7525,1,19
2025-02-22 20:00:00+00:00,610031.427,1,19
2025-02-22 21:00:00+00:00,476238.502,1,19
2025-02-22 22:00:00+00:00,456279.053,1,19
2025-02-22 23:00:00+00:00,417510.695,1,19
2025-02-23 00:00:00+00:00,382182.4535,1,19
2025-02-23 01:00:00+00:00,377295.5645,1,19
2025-02-23 02:00:00+00:00,359871.6115,1,19
2025-02-23 03:00:00+00:00,376663.5605,1,19
2025-02-23 04:00:00+00:00,370561.682,1,19
2025-02-23 05:00:00+00:00,379518.24,1,19
2025-02-23 06:00:00+00:00,364029.735,1,19
2025-02-23 07:00:00+00:00,371727.88,1,19
2025-02-23 08:00:00+00:00,417963.1765,1,19
2025-02-23 09:00:00+00:00,440633.47849999997,1,19
2025-02-23 10:00:00+00:00,495985.5615,1,19
2025-02-23 11:00:00+00:00,538157.648,1,19
2025-02-23 12:00:00+00:00,566121.439,1,19
2025-02-23 13:00:00+00:00,565493.6895000001,1,19
2025-02-23 14:00:00+00:00,541751.7065000001,1,19
2025-02-23 15:00:00+00:00,529474.5715,1,19
2025-02-23 16:00:00+00:00,517362.734,1,19
2025-02-23 17:00:00+00:00,492494.8445,1,19
2025-02-23 18:00:00+00:00,540464.256,1,19
2025-02-23 19:00:00+00:00,597068.478,1,19
2025-02-23 20:00:00+00:00,647099.0985,1,19
2025-02-23 21:00:00+00:00,749687.6255000001,1,19
2025-02-23 22:00:00+00:00,789133.8055,1,19
2025-02-23 23:00:00+00:00,890474.521,1,19
2025-02-24 00:00:00+00:00,1028183.909,1,23
2025-02-24 01:00:00+00:00,1082867.6269999999,1,23
2025-02-24 02:00:00+00:00,1154092.402,1,23
2025-02-24 03:00:00+00:00,1174734.097,1,23
2025-02-24 04:00:00+00:00,1128943.0125,1,23
2025-02-24 05:00:00+00:00,1102441.486,1,23
2025-02-24 06:00:00+00:00,1026856.523,1,23
2025-02-24 07:00:00+00:00,970561.64,1,23
2025-02-24 08:00:00+00:00,965367.1599999999,1,23
2025-02-24 09:00:00+00:00,988784.2185,1,23
2025-02-24 10:00:00+00:00,973491.1665,1,23
2025-02-24 11:00:00+00:00,1020603.6205,1,23
2025-02-24 12:00:00+00:00,1141811.7875,1,23
2025-02-24 13:00:00+00:00,1189942.7315,1,23
2025-02-24 14:00:00+00:00,1245882.2240000002,1,23
2025-02-24 15:00:00+00:00,1341163.5545,1,23
2025-02-24 16:00:00+00:00,1461833.8565,1,23
2025-02-24 17:00:00+00:00,1545181.9235,1,23
2025-02-24 18:00:00+00:00,1615474.9875,1,23
2025-02-24 19:00:00+00:00,1685990.0665,1,23
2025-02-24 20:00:00+00:00,1818047.409,1,23
2025-02-24 21:00:00+00:00,1919418.348,2,23
2025-02-24 22:00:00+00:00,1925637.81,2,23
2025-02-24 23:00:00+00:00,1892748.866,2,23
2025-02-25 00:00:00+00:00,1818027.146,1,22
2025-02-25 01:00:00+00:00,1705614.452,1,22
2025-02-25 02:00:00+00:00,1501932.372,1,22
2025-02-25 03:00:00+00:00,1310666.6609999998,1,22
2025-02-25 04:00:00+00:00,1148400.954,1,22
2025-02-25 05:00:00+00:00,1007700.566,1,22
2025-02-25 06:00:00+00:00,995016.3690000001,1,22
2025-02-25 07:00:00+00:00,974614.8165,1,22
2025-02-25 08:00:00+00:00,950208.86,1,22
2025-02-25 09:00:00+00:00,913340.454,1,22
2025-02-25 10:00:00+00:00,961936.9785,1,22
2025-02-25 11:00:00+00:00,1163087.5345,1,22
2025-02-25 12:00:00+00:00,1140562.9365,1,22
2025-02-25 13:00:00+00:00,1049922.0,1,22
2025-02-25 14:00:00+00:00,930121.9805,1,22
2025-02-25 15:00:00+00:00,889613.9245,1,22
2025-02-25 16:00:00+00:00,891966.9375,1,22
2025-02-25 17:00:00+00:00,782205.4184999999,1,22
2025-02-25 18:00:00+00:00,670162.6335,1,22
2025-02-25 19:00:00+00:00,730472.2085,1,22
2025-02-25 20:00:00+00:00,784084.8074999999,1,22
2025-02-25 21:00:00+00:00,851911.9824999999,1,22
2025-02-25 22:00:00+00:00,778458.0775,1,22
2025-02-25 23:00:00+00:00,787805.272,1,22
2025-02-26 00:00:00+00:00,717524.1015,1,19
2025-02-26 01:00:00+00:00,631099.3755000001,1,19
2025-02-26 02:00:00+00:00,600053.3655000001,1,19
2025-02-26 03:00:00+00:00,621200.696,1,19
2025-02-26 04:00:00+00:00,618632.204,1,19
2025-02-26 05:00:00+00:00,550141.2964999999,1,19
2025-02-26 06:00:00+00:00,463562.7965,1,19
2025-02-26 07:00:00+00:00,401746.047,1,19
2025-02-26 08:00:00+00:00,418592.97250000003,1,19
2025-02-26 09:00:00+00:00,432116.4945,1,19
2025-02-26 10:00:00+00:00,448500.9395,1,19
2025-02-26 11:00:00+00:00,471760.685,1,19
2025-02-26 12:00:00+00:00,462812.757,1,19
2025-02-26 13:00:00+00:00,462189.8685,1,19
2025-02-26 14:00:00+00:00,443075.077,1,19
2025-02-26 15:00:00+00:00,414685.5325,1,19
2025-02-26 16:00:00+00:00,401392.478,1,19
2025-02-26 17:00:00+00:00,374233.82700000005,1,19
2025-02-26 18:00:00+00:00,369313.885,1,19
2025-02-26 19:00:00+00:00,395784.4315,1,19
2025-02-26 20:00:00+00:00,403961.8105,1,19
2025-02-26 21:00:00+00:00,408489.406,1,19
2025-02-26 22:00:00+00:00,402718.57399999996,1,19
2025-02-26 23:00:00+00:00,410883.58400000003,1,19
2025-02-27 00:00:00+00:00,420798.201,1,19
2025-02-27 01:00:00+00:00,468507.6185,1,19
2025-02-27 02:00:00+00:00,544506.331,1,19
2025-02-27 03:00:00+00:00,541424.03,1,19
2025-02-27 04:00:00+00:00,540175.188,1,19
2025-02-27 05:00:00+00:00,600584.933,1,19
2025-02-27 06:00:00+00:00,728512.8189999999,1,19
2025-02-27 07:00:00+00:00,809460.381,1,19
2025-02-27 08:00:00+00:00,878273.943,1,19
2025-02-27 09:00:00+00:00,961288.4885,1,19
2025-02-27 10:00:00+00:00,1002051.528,1,19
2025-02-27 11:00:00+00:00,1049981.8375,1,19
2025-02-27 12:00:00+00:00,1030345.686,1,19
2025-02-27 13:00:00+00:00,1034461.1505,1,19
2025-02-27 14:00:00+00:00,1027313.6340000001,1,19
2025-02-27 15:00:00+00:00,934634.2785,1,19
2025-02-27 16:00:00+00:00,875945.301,1,19
2025-02-27 17:00:00+00:00,843996.8905,1,19
2025-02-27 18:00:00+00:00,906065.6185,1,19
2025-02-27 19:00:00+00:00,1143201.8205,1,19
2025-02-27 20:00:00+00:00,1211155.553,1,19
2025-02-27 21:00:00+00:00,1292780.2,1,19
2025-02-27 22:00:00+00:00,1377995.8925,1,19
2025-02-27 23:00:00+00:00,1412242.2825,1,19
2025-02-28 00:00:00+00:00,1383080.1935,1,20
2025-02-28 01:00:00+00:00,1326969.1815,1,20
2025-02-28 02:00:00+00:00,1328682.6235,1,20
2025-02-28 03:00:00+00:00,1343150.008,1,20
2025-02-28 04:00:00+00:00,1299719.624,1,20
2025-02-28 05:00:00+00:00,1455655.1875,1,20
2025-02-28 06:00:00+00:00,1584050.352,1,20
2025-02-28 07:00:00+00:00,1629059.7935,1,20
2025-02-28 08:00:00+00:00,1625204.6405,1,20
2025-02-28 09:00:00+00:00,1498982.4465,1,20
2025-02-28 10:00:00+00:00,1247204.275,1,19
2025-02-28 11:00:00+00:00,1043704.6925,1,19
2025-02-28 12:00:00+00:00,878689.104,1,19
2025-02-28 13:00:00+00:00,755809.1415,1,19
2025-02-28 14:00:00+00:00,697428.414,1,19
2025-02-28 15:00:00+00:00,653113.2685,1,19
2025-02-28 16:00:00+00:00,620992.2815,1,19
2025-02-28 17:00:00+00:00,622111.417,1,19
2025-02-28 18:00:00+00:00,713089.234,1,19
2025-02-28 19:00:00+00:00,908689.4895,1,19
2025-02-28 20:00:00+00:00,1061313.3730000001,1,19
2025-02-28 21:00:00+00:00,1153222.291,1,19
2025-02-28 22:00:00+00:00,1159424.5375,1,19
2025-02-28 23:00:00+00:00,1102467.666,1,19
2025-03-01 00:00:00+00:00,1029199.069,1,24
2025-03-01 01:00:00+00:00,1025850.216,1,24
2025-03-01 02:00:00+00:00,1066545.294,1,24
2025-03-01 03:00:00+00:00,1087383.363,1,24
2025-03-01 04:00:00+00:00,1091481.536,1,24
2025-03-01 05:00:00+00:00,1173764.2485,1,24
2025-03-01 06:00:00+00:00,1216350.899,1,24
2025-03-01 07:00:00+00:00,1303391.6505,1,24
2025-03-01 08:00:00+00:00,1473851.0925,1,24
2025-03-01 09:00:00+00:00,1567175.885,1,24
2025-03-01 10:00:00+00:00,1563333.0984999998,1,24
2025-03-01 11:00:00+00:00,1490378.476,1,24
2025-03-01 12:00:00+00:00,1480111.4635,1,24
2025-03-01 13:00:00+00:00,1488804.16,2,24
2025-03-01 14:00:00+00:00,1494921.1260000002,2,24
2025-03-01 15:00:00+00:00,1431772.5365,2,24
2025-03-01 16:00:00+00:00,1504139.4545,2,24
2025-03-01 17:00:00+00:00,1562312.4494999999,2,24
2025-03-01 18:00:00+00:00,1631402.6570000001,2,24
2025-03-01 19:00:00+00:00,1813975.7155,2,24
2025-03-01 20:00:00+00:00,1899227.6205,2,24
2025-03-01 21:00:00+00:00,2023935.9904999998,2,24
2025-03-01 22:00:00+00:00,2123875.99,2,24
2025-03-01 23:00:00+00:00,2174795.2665,2,24
2025-03-02 00:00:00+00:00,2230012.174,2,25
2025-03-02 01:00:00+00:00,2243354.4065,2,25
2025-03-02 02:00:00+00:00,2188407.4175,2,25
2025-03-02 03:00:00+00:00,2171711.5315,2,25
2025-03-02 04:00:00+00:00,2206495.57,2,25
2025-03-02 05:00:00+00:00,2295051.054,2,25
2025-03-02 06:00:00+00:00,2241528.372,2,25
2025-03-02 07:00:00+00:00,2218811.5225,2,25
2025-03-02 08:00:00+00:00,2197619.9025,2,25
2025-03-02 09:00:00+00:00,2186537.1385000004,2,25
2025-03-02 10:00:00+00:00,2080421.7655,2,25
2025-03-02 11:00:00+00:00,2023084.1400000001,2,25
2025-03-02 12:00:00+00:00,1925941.2315,2,25
2025-03-02 13:00:00+00:00,1736254.0320000001,2,25
2025-03-02 14:00:00+00:00,1605622.38,2,25
2025-03-02 15:00:00+00:00,1493617.641,2,25
2025-03-02 16:00:00+00:00,1456377.324,2,25
2025-03-02 17:00:00+00:00,1490500.077,2,25
2025-03-02 18:00:00+00:00,1533277.415,2,25
2025-03-02 19:00:00+00:00,1639380.382,2,25
2025-03-02 20:00:00+00:00,1694634.5384999998,2,25
2025-03-02 21:00:00+00:00,1733085.0375,2,25
2025-03-02 22:00:00+00:00,1737438.5325,2,25
2025-03-02 23:00:00+00:00,1684708.97,2,25
2025-03-03 00:00:00+00:00,1648857.1845,2,24
2025-03-03 01:00:00+00:00,1585417.8455,2,24
2025-03-03 02:00:00+00:00,1577628.695,2,24
2025-03-03 03:00:00+00:00,1539089.8825,2,24
2025-03-03 04:00:00+00:00,1477404.698,2,24
2025-03-03 05:00:00+00:00,1425562.8815000001,2,24
2025-03-03 06:00:00+00:00,1380273.537,2,24
2025-03-03 07:00:00+00:00,1360615.2735000001,2,24
2025-03-03 08:00:00+00:00,1361908.687,2,24
2025-03-03 09:00:00+00:00,1285655.012,2,24
2025-03-03 10:00:00+00:00,1219901.05,2,24
2025-03-03 11:00:00+00:00,1203855.8175,2,24
2025-03-03 12:00:00+00:00,1119321.9835,2,24
2025-03-03 13:00:00+00:00,1006529.4195,2,24
2025-03-03 14:00:00+00:00,953902.5985000001,2,24
2025-03-03 15:00:00+00:00,926970.827,2,24
2025-03-03 16:00:00+00:00,960887.8625,2,24
2025-03-03 17:00:00+00:00,1007140.9010000001,2,24
2025-03-03 18:00:00+00:00,1043791.111,2,24
2025-03-03 19:00:00+00:00,1132173.0175,2,24
2025-03-03 20:00:00+00:00,1249847.5225,2,24
2025-03-03 21:00:00+00:00,1407225.8005,2,24
2025-03-03 22:00:00+00:00,1441121.331,2,24
2025-03-03 23:00:00+00:00,1352697.7865,2,24
2025-03-04 00:00:00+00:00,1227962.04,2,24
2025-03-04 01:00:00+00:00,1134137.6605,1,24
2025-03-04 02:00:00+00:00,1078115.1785,1,24
2025-03-04 03:00:00+00:00,1092629.4755000002,1,24
2025-03-04 04:00:00+00:00,1120808.32,1,24
2025-03-04 05:00:00+00:00,1056289.4419999998,1,24
2025-03-04 06:00:00+00:00,1068195.1575,1,24
2025-03-04 07:00:00+00:00,1058121.9,1,24
2025-03-04 08:00:00+00:00,1065326.582,1,24
2025-03-04 09:00:00+00:00,1057179.9205,1,24
2025-03-04 10:00:00+00:00,979187.699,1,24
2025-03-04 11:00:00+00:00,927203.1965,1,24
2025-03-04 12:00:00+00:00,802119.1115,1,24
2025-03-04 13:00:00+00:00,785179.7895,1,24
2025-03-04 14:00:00+00:00,845358.6244999999,1,24
2025-03-04 15:00:00+00:00,854596.8015000001,1,24
2025-03-04 16:00:00+00:00,834397.8205,1,24
2025-03-04 17:00:00+00:00,931555.1925,1,24
2025-03-04 18:00:00+00:00,1083416.275,1,24
2025-03-04 19:00:00+00:00,1209462.213,1,24
2025-03-04 20:00:00+00:00,1351173.208,2,24
2025-03-04 21:00:00+00:00,1481724.4075,2,24
2025-03-04 22:00:00+00:00,1474367.0695,2,24
2025-03-04 23:00:00+00:00,1429888.0185,2,24
2025-03-05 00:00:00+00:00,1314934.5045,1,24
2025-03-05 01:00:00+00:00,1164446.7025000001,1,24
2025-03-05 02:00:00+00:00,1104169.2550000001,1,24
2025-03-05 03:00:00+00:00,1062066.134,1,24
2025-03-05 04:00:00+00:00,1052980.946,1,24
2025-03-05 05:00:00+00:00,1040905.1245,1,24
2025-03-05 06:00:00+00:00,1008096.67,1,24
2025-03-05 07:00:00+00:00,1031311.1925,1,24
2025-03-05 08:00:00+00:00,1076027.168,1,24
2025-03-05 09:00:00+00:00,1128202.436,1,24
2025-03-05 10:00:00+00:00,1150123.1345,1,24
2025-03-05 11:00:00+00:00,1100590.1515,1,24
2025-03-05 12:00:00+00:00,1092603.0255,1,24
2025-03-05 13:00:00+00:00,991626.7224999999,1,24
2025-03-05 14:00:00+00:00,863268.812,1,24
2025-03-05 15:00:00+00:00,796341.115,1,24
2025-03-05 16:00:00+00:00,772491.4705,1,24
2025-03-05 17:00:00+00:00,891775.4105,1,24
2025-03-05 18:00:00+00:00,1138159.2545,1,24
2025-03-05 19:00:00+00:00,1366088.6225,2,24
2025-03-05 20:00:00+00:00,1456277.74,2,24
2025-03-05 21:00:00+00:00,1431388.9665,2,24
2025-03-05 22:00:00+00:00,1383200.972,2,24
2025-03-05 23:00:00+00:00,1336080.946,2,24
2025-03-06 00:00:00+00:00,1243409.883,2,24
2025-03-06 01:00:00+00:00,1159791.423,1,24
2025-03-06 02:00:00+00:00,1045745.3265,1,24
2025-03-06 03:00:00+00:00,855416.715,1,24
2025-03-06 04:00:00+00:00,748436.67,1,24
2025-03-06 05:00:00+00:00,665693.465,1,24
2025-03-06 06:00:00+00:00,606152.0530000001,1,24
2025-03-06 07:00:00+00:00,589153.105,1,24
2025-03-06 08:00:00+00:00,572106.083,1,24
2025-03-06 09:00:00+00:00,570328.338,1,24
2025-03-06 10:00:00+00:00,580878.7660000001,1,24
2025-03-06 11:00:00+00:00,632681.851,1,24
2025-03-06 12:00:00+00:00,718371.0815000001,1,24
2025-03-06 13:00:00+00:00,798353.8815,1,24
2025-03-06 14:00:00+00:00,809833.7455000001,1,24
2025-03-06 15:00:00+00:00,778820.6875,1,24
2025-03-06 16:00:00+00:00,761614.693,1,24
2025-03-06 17:00:00+00:00,751946.962,1,24
2025-03-06 18:00:00+00:00,595304.304,1,24
2025-03-06 19:00:00+00:00,501594.1895,1,24
2025-03-06 20:00:00+00:00,505843.87450000003,1,24
2025-03-06 21:00:00+00:00,574455.327,1,24
2025-03-06 22:00:00+00:00,711887.588,1,24
2025-03-06 23:00:00+00:00,836147.868,1,24
2025-03-07 00:00:00+00:00,913825.2185,1,24
2025-03-07 01:00:00+00:00,1101601.2445,1,26
2025-03-07 02:00:00+00:00,1355069.441,1,26
2025-03-07 03:00:00+00:00,1561519.878,1,26
2025-03-07 04:00:00+00:00,1718705.666,2,26
2025-03-07 05:00:00+00:00,1811176.4835,2,26
2025-03-07 06:00:00+00:00,1992091.972,2,26
2025-03-07 07:00:00+00:00,2160760.0,2,26
2025-03-07 08:00:00+00:00,2298595.6895,2,-1
2025-03-07 09:00:00+00:00,2433379.3355,2,-1
2025-03-07 10:00:00+00:00,2501078.052,2,-1
2025-03-07 11:00:00+00:00,2625624.323,2,-1
2025-03-07 12:00:00+00:00,2669437.93,2,-1
2025-03-07 13:00:00+00:00,2745377.4335,2,-1
2025-03-07 14:00:00+00:00,2655494.39,2,27
2025-03-07 15:00:00+00:00,2580652.8504999997,2,27
2025-03-07 16:00:00+00:00,2562961.7939999998,2,27
2025-03-07 17:00:00+00:00,2559725.0485,2,27
2025-03-07 18:00:00+00:00,2487776.2045,2,27
2025-03-07 19:00:00+00:00,2362866.4135,2,27
2025-03-07 20:00:00+00:00,2265330.3605,2,27
2025-03-07 21:00:00+00:00,2176995.9195,2,27
2025-03-07 22:00:00+00:00,2099195.247,2,27
2025-03-07 23:00:00+00:00,1927217.758,2,27
2025-03-08 00:00:00+00:00,1838157.413,2,27
2025-03-08 01:00:00+00:00,1839325.1425,2,27
2025-03-08 02:00:00+00:00,1914346.4605,2,27
2025-03-08 03:00:00+00:00,1998549.4470000002,2,27
2025-03-08 04:00:00+00:00,2037894.314,2,27
2025-03-08 05:00:00+00:00,2219571.5500000003,2,27
2025-03-08 06:00:00+00:00,2408422.2035,2,27
2025-03-08 07:00:00+00:00,2483662.6255,2,27
2025-03-08 08:00:00+00:00,2423203.7435,2,27
2025-03-08 09:00:00+00:00,2472252.8915,2,27
2025-03-08 10:00:00+00:00,2463538.1735,2,27
2025-03-08 11:00:00+00:00,2470200.0190000003,2,27
2025-03-08 12:00:00+00:00,2522214.992,2,27
2025-03-08 13:00:00+00:00,2475921.014,2,27
2025-03-08 14:00:00+00:00,2291832.959,2,27
2025-03-08 15:00:00+00:00,2157997.3155,2,27
2025-03-08 16:00:00+00:00,2032817.0175,2,27
2025-03-08 17:00:00+00:00,1986556.879,2,27
2025-03-08 18:00:00+00:00,1958960.4625,2,27
2025-03-08 19:00:00+00:00,1926507.6335,2,27
2025-03-08 20:00:00+00:00,1884289.349,2,27
2025-03-08 21:00:00+00:00,1933282.071,2,27
2025-03-08 22:00:00+00:00,1959838.137,2,27
2025-03-08 23:00:00+00:00,1836510.279,2,27
2025-03-09 00:00:00+00:00,1606844.267,2,27
2025-03-09 01:00:00+00:00,1470761.309,2,-1
2025-03-09 02:00:00+00:00,1273212.2855,2,28
2025-03-09 03:00:00+00:00,1138017.429,2,28
2025-03-09 04:00:00+00:00,1018118.048,2,28
2025-03-09 05:00:00+00:00,926011.8015000001,2,28
2025-03-09 06:00:00+00:00,859128.985,2,28
2025-03-09 07:00:00+00:00,900492.4955,2,28
2025-03-09 08:00:00+00:00,1035400.5885000001,2,28
2025-03-09 09:00:00+00:00,1223036.053,2,29
2025-03-09 10:00:00+00:00,1428967.8475000001,2,29
2025-03-09 11:00:00+00:00,1551307.4345,2,29
2025-03-09 12:00:00+00:00,1597911.5155,2,29
2025-03-09 13:00:00+00:00,1599970.8854999999,2,29
2025-03-09 14:00:00+00:00,1509296.327,2,29
2025-03-09 15:00:00+00:00,1507014.3225,2,29
2025-03-09 16:00:00+00:00,1452289.6635,2,29
2025-03-09 17:00:00+00:00,1305487.543,2,29
2025-03-09 18:00:00+00:00,1151869.986,2,29
2025-03-09 19:00:00+00:00,1213156.7165,2,29
2025-03-09 20:00:00+00:00,1343162.8915,2,29
2025-03-09 21:00:00+00:00,1505397.9610000001,2,29
2025-03-09 22:00:00+00:00,1609313.1114999999,2,29
2025-03-09 23:00:00+00:00,1683623.19,2,29
2025-03-10 00:00:00+00:00,1714184.4545,2,30
2025-03-10 01:00:00+00:00,1794883.8715,2,30
2025-03-10 02:00:00+00:00,1844640.2355,2,30
2025-03-10 03:00:00+00:00,1794434.485,2,30
2025-03-10 04:00:00+00:00,1757486.5955,2,30
2025-03-10 05:00:00+00:00,1792102.718,2,30
2025-03-10 06:00:00+00:00,1838544.6525,2,30
2025-03-10 07:00:00+00:00,1896838.3315,2,30
2025-03-10 08:00:00+00:00,1969020.591,2,30
2025-03-10 09:00:00+00:00,2091377.584,2,30
2025-03-10 10:00:00+00:00,2221379.851,2,30
2025-03-10 11:00:00+00:00,2259689.4655,2,30
2025-03-10 12:00:00+00:00,2241821.3685,2,30
2025-03-10 13:00:00+00:00,2202432.8555,2,30
2025-03-10 14:00:00+00:00,1912245.1375,2,30
2025-03-10 15:00:00+00:00,1641842.4054999999,2,31
2025-03-10 16:00:00+00:00,1500325.4875,2,31
2025-03-10 17:00:00+00:00,1460781.7955,2,31
2025-03-10 18:00:00+00:00,1527401.4085,2,31
2025-03-10 19:00:00+00:00,1583205.0465,2,31
2025-03-10 20:00:00+00:00,1592874.1469999999,2,31
2025-03-10 21:00:00+00:00,1587658.102,2,31
2025-03-10 22:00:00+00:00,1477782.8599999999,2,31
2025-03-10 23:00:00+00:00,1380599.4780000001,2,31
2025-03-11 00:00:00+00:00,1306384.522,2,32
2025-03-11 01:00:00+00:00,1204879.375,2,32
2025-03-11 02:00:00+00:00,1171235.668,2,32
2025-03-11 03:00:00+00:00,1137622.871,2,32
2025-03-11 04:00:00+00:00,1076483.2235,2,32
2025-03-11 05:00:00+00:00,1066462.9780000001,2,32
2025-03-11 06:00:00+00:00,1060732.9275,2,32
2025-03-11 07:00:00+00:00,1115774.974,2,32
2025-03-11 08:00:00+00:00,1130837.3255,2,32
2025-03-11 09:00:00+00:00,1129352.8205,2,32
2025-03-11 10:00:00+00:00,1114996.682,2,32
2025-03-11 11:00:00+00:00,1117949.057,2,32
2025-03-11 12:00:00+00:00,1211323.7855,2,32
2025-03-11 13:00:00+00:00,1382329.3115,2,32
2025-03-11 14:00:00+00:00,1477696.354,2,32
2025-03-11 15:00:00+00:00,1565331.966,2,32
2025-03-11 16:00:00+00:00,1552352.93,2,32
2025-03-11 17:00:00+00:00,1463009.7985,2,32
2025-03-11 18:00:00+00:00,1324877.6805,2,32
2025-03-11 19:00:00+00:00,1259308.393,2,32
2025-03-11 20:00:00+00:00,1154916.321,2,32
2025-03-11 21:00:00+00:00,1136227.2615,2,32
2025-03-11 22:00:00+00:00,1075538.263,2,32
2025-03-11 23:00:00+00:00,983915.7849999999,2,32
2025-03-12 00:00:00+00:00,748980.8955,1,24
2025-03-12 01:00:00+00:00,615486.291,1,24
2025-03-12 02:00:00+00:00,531616.54,1,24
2025-03-12 03:00:00+00:00,542941.246,1,24
2025-03-12 04:00:00+00:00,546137.953,1,24
2025-03-12 05:00:00+00:00,550774.904,1,24
2025-03-12 06:00:00+00:00,549828.269,1,24
2025-03-12 07:00:00+00:00,573231.8345,1,24
2025-03-12 08:00:00+00:00,499138.121,1,24
2025-03-12 09:00:00+00:00,446360.034,1,24
2025-03-12 10:00:00+00:00,515673.1775,1,24
2025-03-12 11:00:00+00:00,583371.9775,1,24
2025-03-12 12:00:00+00:00,650445.8085,1,24
2025-03-12 13:00:00+00:00,615642.8200000001,1,24
2025-03-12 14:00:00+00:00,531972.9455,1,24
2025-03-12 15:00:00+00:00,584388.0765,1,24
2025-03-12 16:00:00+00:00,610841.2745,1,24
2025-03-12 17:00:00+00:00,579928.561,1,24
2025-03-12 18:00:00+00:00,537584.7365,1,24
2025-03-12 19:00:00+00:00,596227.93,1,24
2025-03-12 20:00:00+00:00,583828.3705,1,24
2025-03-12 21:00:00+00:00,604281.058,1,24
2025-03-12 22:00:00+00:00,609176.0700000001,1,24
2025-03-12 23:00:00+00:00,616485.5535,1,24
2025-03-13 00:00:00+00:00,613724.576,1,24
2025-03-13 01:00:00+00:00,659718.115,1,24
2025-03-13 02:00:00+00:00,712112.303,1,24
2025-03-13 03:00:00+00:00,709150.241,1,24
2025-03-13 04:00:00+00:00,705120.9199999999,1,24
2025-03-13 05:00:00+00:00,690333.673,1,24
2025-03-13 06:00:00+00:00,700018.9465,1,24
2025-03-13 07:00:00+00:00,726317.024,1,24
2025-03-13 08:00:00+00:00,690377.7125,1,24
2025-03-13 09:00:00+00:00,669893.5585,1,24
2025-03-13 10:00:00+00:00,667011.9839999999,1,24
2025-03-13 11:00:00+00:00,684569.341,1,24
2025-03-13 12:00:00+00:00,706242.9645,1,24
2025-03-13 13:00:00+00:00,702163.422,1,24
2025-03-13 14:00:00+00:00,696601.3400000001,1,24
2025-03-13 15:00:00+00:00,696289.727,1,24
2025-03-13 16:00:00+00:00,695348.4365000001,1,24
2025-03-13 17:00:00+00:00,727858.562,1,24
2025-03-13 18:00:00+00:00,758339.5179999999,1,24
2025-03-13 19:00:00+00:00,846390.282,1,24
2025-03-13 20:00:00+00:00,951428.4855,1,24
2025-03-13 21:00:00+00:00,1135429.7820000001,1,24
2025-03-13 22:00:00+00:00,1364685.9024999999,2,24
2025-03-13 23:00:00+00:00,1582363.33,2,24
2025-03-14 00:00:00+00:00,1749428.3045,2,26
2025-03-14 01:00:00+00:00,1770303.4745,2,26
2025-03-14 02:00:00+00:00,1733760.6705,2,26
2025-03-14 03:00:00+00:00,1687114.716,2,26
2025-03-14 04:00:00+00:00,1663021.67,2,26
2025-03-14 05:00:00+00:00,1618330.543,2,26
2025-03-14 06:00:00+00:00,1569834.036,2,26
2025-03-14 07:00:00+00:00,1521581.6645,2,26
2025-03-14 08:00:00+00:00,1382324.067,2,26
2025-03-14 09:00:00+00:00,1253973.8725,2,26
2025-03-14 10:00:00+00:00,1154597.826,2,26
2025-03-14 11:00:00+00:00,1023887.163,2,26
2025-03-14 12:00:00+00:00,1051121.94,2,26
2025-03-14 13:00:00+00:00,1096772.264,2,26
2025-03-14 14:00:00+00:00,1066982.699,2,26
2025-03-14 15:00:00+00:00,1013985.4995,2,26
2025-03-14 16:00:00+00:00,941735.0605,2,26
2025-03-14 17:00:00+00:00,919808.7685,2,26
2025-03-14 18:00:00+00:00,911259.7385,2,26
2025-03-14 19:00:00+00:00,944508.322,2,26
2025-03-14 20:00:00+00:00,986504.263,2,26
2025-03-14 21:00:00+00:00,936102.7945000001,2,26
2025-03-14 22:00:00+00:00,824110.1465,2,26
2025-03-14 23:00:00+00:00,717682.521,1,26
2025-03-15 00:00:00+00:00,601788.147,1,24
2025-03-15 01:00:00+00:00,525029.7795000001,1,24
2025-03-15 02:00:00+00:00,502662.016,1,24
2025-03-15 03:00:00+00:00,515567.23099999997,1,24
2025-03-15 04:00:00+00:00,502665.2215,1,24
2025-03-15 05:00:00+00:00,490283.208,1,24
2025-03-15 06:00:00+00:00,468401.4845,1,24
2025-03-15 07:00:00+00:00,451407.0385,1,24
2025-03-15 08:00:00+00:00,442420.879,1,24
2025-03-15 09:00:00+00:00,426673.5625,1,24
2025-03-15 10:00:00+00:00,445685.6895,1,24
2025-03-15 11:00:00+00:00,454695.319,1,24
2025-03-15 12:00:00+00:00,485168.41000000003,1,24
2025-03-15 13:00:00+00:00,530997.149,1,24
2025-03-15 14:00:00+00:00,574088.177,1,24
2025-03-15 15:00:00+00:00,592281.498,1,24
2025-03-15 16:00:00+00:00,580143.2735,1,24
2025-03-15 17:00:00+00:00,535569.3785,1,24
2025-03-15 18:00:00+00:00,514015.4735,1,24
2025-03-15 19:00:00+00:00,528106.5365,1,24
2025-03-15 20:00:00+00:00,477153.6805,1,24
2025-03-15 21:00:00+00:00,528493.1785,1,24
2025-03-15 22:00:00+00:00,577696.1555,1,24
2025-03-15 23:00:00+00:00,531632.5525,1,24
2025-03-16 00:00:00+00:00,477969.5625,1,24
2025-03-16 01:00:00+00:00,448260.92699999997,1,24
2025-03-16 02:00:00+00:00,455421.5825,1,24
2025-03-16 03:00:00+00:00,467907.043,1,24
2025-03-16 04:00:00+00:00,494148.4545,1,24
2025-03-16 05:00:00+00:00,489762.88899999997,1,24
2025-03-16 06:00:00+00:00,472931.177,1,24
2025-03-16 07:00:00+00:00,455481.42000000004,1,24
2025-03-16 08:00:00+00:00,429583.6405,1,24
2025-03-16 09:00:00+00:00,428312.304,1,24
2025-03-16 10:00:00+00:00,443921.35349999997,1,24
2025-03-16 11:00:00+00:00,454759.5305,1,24
2025-03-16 12:00:00+00:00,464915.184,1,24
2025-03-16 13:00:00+00:00,465228.3865,1,24
2025-03-16 14:00:00+00:00,459155.8,1,24
2025-03-16 15:00:00+00:00,453464.94299999997,1,24
2025-03-16 16:00:00+00:00,450753.9865,1,24
2025-03-16 17:00:00+00:00,491609.5315,1,24
2025-03-16 18:00:00+00:00,568339.979,1,24
2025-03-16 19:00:00+00:00,769406.556,1,24
2025-03-16 20:00:00+00:00,1039272.5079999999,1,24
2025-03-16 21:00:00+00:00,1307624.0559999999,1,-1
2025-03-16 22:00:00+00:00,1387640.9485,1,-1
2025-03-16 23:00:00+00:00,1624951.116,1,-1
2025-03-17 00:00:00+00:00,1816909.829,1,33
2025-03-17 01:00:00+00:00,1733734.634,1,33
2025-03-17 02:00:00+00:00,1661617.3654999998,1,33
2025-03-17 03:00:00+00:00,1584824.6595,1,33
2025-03-17 04:00:00+00:00,1551635.8725,1,33
2025-03-17 05:00:00+00:00,1584293.0155,1,33
2025-03-17 06:00:00+00:00,1643518.415,1,33
2025-03-17 07:00:00+00:00,1688421.672,1,33
2025-03-17 08:00:00+00:00,1643660.083,1,33
2025-03-17 09:00:00+00:00,1615922.3815000001,1,33
2025-03-17 10:00:00+00:00,1549308.3835,1,33
2025-03-17 11:00:00+00:00,1376950.8155,1,33
2025-03-17 12:00:00+00:00,1202563.029,1,34
2025-03-17 13:00:00+00:00,1056289.3935,1,34
2025-03-17 14:00:00+00:00,956054.9105,1,34
2025-03-17 15:00:00+00:00,912511.3875,1,34
2025-03-17 16:00:00+00:00,928124.837,1,34
2025-03-17 17:00:00+00:00,941985.309,1,34
2025-03-17 18:00:00+00:00,876312.7075,1,34
2025-03-17 19:00:00+00:00,861793.961,1,34
2025-03-17 20:00:00+00:00,924828.905,1,34
2025-03-17 21:00:00+00:00,972617.168,1,34
2025-03-17 22:00:00+00:00,917909.1955,1,34
2025-03-17 23:00:00+00:00,805139.5245,1,34
2025-03-18 00:00:00+00:00,690102.0445,1,35
2025-03-18 01:00:00+00:00,608347.9985,1,35
2025-03-18 02:00:00+00:00,549579.595,1,35
2025-03-18 03:00:00+00:00,516912.3835,1,35
2025-03-18 04:00:00+00:00,487725.4505,1,35
2025-03-18 05:00:00+00:00,438696.8865,1,35
2025-03-18 06:00:00+00:00,408547.575,1,35
2025-03-18 07:00:00+00:00,405336.3025,1,35
2025-03-18 08:00:00+00:00,442942.9465,1,35
2025-03-18 09:00:00+00:00,462510.599,1,35
2025-03-18 10:00:00+00:00,493500.6065,1,35
2025-03-18 11:00:00+00:00,563722.164,1,35
2025-03-18 12:00:00+00:00,663824.605,1,35
2025-03-18 13:00:00+00:00,788790.7125,1,35
2025-03-18 14:00:00+00:00,865781.388,1,35
2025-03-18 15:00:00+00:00,891383.862,1,35
2025-03-18 16:00:00+00:00,941123.8705,1,35
2025-03-18 17:00:00+00:00,901758.2485,1,35
2025-03-18 18:00:00+00:00,1012566.1785,1,35
2025-03-18 19:00:00+00:00,1098380.7295,1,35
2025-03-18 20:00:00+00:00,1221222.4000000001,1,35
2025-03-18 21:00:00+00:00,1348744.1724999999,1,35
2025-03-18 22:00:00+00:00,1569970.8335,1,-1
2025-03-18 23:00:00+00:00,1690778.2604999999,1,-1
2025-03-19 00:00:00+00:00,1843110.135,1,-1
2025-03-19 01:00:00+00:00,2032338.314,2,-1
2025-03-19 02:00:00+00:00,2214226.972,2,-1
2025-03-19 03:00:00+00:00,2378833.8855,2,-1
2025-03-19 04:00:00+00:00,2542972.1155,2,-1
2025-03-19 05:00:00+00:00,2619645.0815000003,2,-1
2025-03-19 06:00:00+00:00,2668169.0719999997,2,-1
2025-03-19 07:00:00+00:00,2719283.8735,2,-1
2025-03-19 08:00:00+00:00,2748880.4605,2,-1
2025-03-19 09:00:00+00:00,2793575.1275,2,-1
2025-03-19 10:00:00+00:00,2828492.592,2,-1
2025-03-19 11:00:00+00:00,2841905.9205,2,-1
2025-03-19 12:00:00+00:00,2848845.0025,2,-1
2025-03-19 13:00:00+00:00,2821319.774,2,-1
2025-03-19 14:00:00+00:00,2811774.551,2,-1
2025-03-19 15:00:00+00:00,2801666.585,2,-1
2025-03-19 16:00:00+00:00,2758252.2025,2,-1
2025-03-19 17:00:00+00:00,2727697.918,2,-1
2025-03-19 18:00:00+00:00,2696429.664,2,-1
2025-03-19 19:00:00+00:00,2650320.321,2,-1
2025-03-19 20:00:00+00:00,2618506.3605,2,-1
2025-03-19 21:00:00+00:00,2487314.5785,2,-1
2025-03-19 22:00:00+00:00,2386829.53,2,-1
2025-03-19 23:00:00+00:00,2285343.173,2,-1
2025-03-20 00:00:00+00:00,2142000.506,2,36
2025-03-20 01:00:00+00:00,1925265.452,2,36
2025-03-20 02:00:00+00:00,1766156.686,2,36
2025-03-20 03:00:00+00:00,1675991.4734999998,2,36
2025-03-20 04:00:00+00:00,1887775.8355,2,36
2025-03-20 05:00:00+00:00,2057049.178,2,36
2025-03-20 06:00:00+00:00,2113442.1975,2,36
2025-03-20 07:00:00+00:00,2160659.827,2,36
2025-03-20 08:00:00+00:00,2164910.3975,2,36
2025-03-20 09:00:00+00:00,2230479.724,2,36
2025-03-20 10:00:00+00:00,2272389.187,2,36
2025-03-20 11:00:00+00:00,2307938.1725000003,2,36
2025-03-20 12:00:00+00:00,2315717.631,2,36
2025-03-20 13:00:00+00:00,2323783.589,2,36
2025-03-20 14:00:00+00:00,2190297.542,2,36
2025-03-20 15:00:00+00:00,1988632.4525000001,2,36
2025-03-20 16:00:00+00:00,1724367.508,2,36
2025-03-20 17:00:00+00:00,1631530.966,2,27
2025-03-20 18:00:00+00:00,1522083.8925,2,27
2025-03-20 19:00:00+00:00,1446884.3769999999,2,27
2025-03-20 20:00:00+00:00,1538378.2380000001,2,27
2025-03-20 21:00:00+00:00,1786651.6855000001,2,27
2025-03-20 22:00:00+00:00,1984354.6425,2,27
2025-03-20 23:00:00+00:00,2043431.5015,2,27
2025-03-21 00:00:00+00:00,2019207.977,2,27
2025-03-21 01:00:00+00:00,2096627.0795,2,27
2025-03-21 02:00:00+00:00,2108486.658,2,27
2025-03-21 03:00:00+00:00,2130761.9965,2,27
2025-03-21 04:00:00+00:00,2237047.903,2,27
2025-03-21 05:00:00+00:00,2328293.135,2,27
2025-03-21 06:00:00+00:00,2388312.798,2,27
2025-03-21 07:00:00+00:00,2391964.414,2,27
2025-03-21 08:00:00+00:00,2401106.218,2,27
2025-03-21 09:00:00+00:00,2259986.3495,2,27
2025-03-21 10:00:00+00:00,2203549.2435,2,27
2025-03-21 11:00:00+00:00,2206149.5825,2,27
2025-03-21 12:00:00+00:00,2361191.2345,2,27
2025-03-21 13:00:00+00:00,2475841.988,2,27
2025-03-21 14:00:00+00:00,2543010.4924999997,2,27
2025-03-21 15:00:00+00:00,2499572.891,2,27
2025-03-21 16:00:00+00:00,2424009.8255,2,27
2025-03-21 17:00:00+00:00,2509370.6344999997,2,27
2025-03-21 18:00:00+00:00,2358676.7994999997,2,27
2025-03-21 19:00:00+00:00,2383091.3745,2,27
2025-03-21 20:00:00+00:00,2415593.3185,2,27
2025-03-21 21:00:00+00:00,2426481.116,2,27
2025-03-21 22:00:00+00:00,2401863.3844999997,2,27
2025-03-21 23:00:00+00:00,2315423.601,2,27
2025-03-22 00:00:00+00:00,2262983.634,2,27
2025-03-22 01:00:00+00:00,2131104.6404999997,2,27
2025-03-22 02:00:00+00:00,2073647.026,2,27
2025-03-22 03:00:00+00:00,1970744.68,2,27
2025-03-22 04:00:00+00:00,1852168.367,2,27
2025-03-22 05:00:00+00:00,1991978.8815000001,2,27
2025-03-22 06:00:00+00:00,2183684.357,2,27
2025-03-22 07:00:00+00:00,2346973.2350000003,2,27
2025-03-22 08:00:00+00:00,2465348.2395,2,27
2025-03-22 09:00:00+00:00,2545295.1525,2,27
2025-03-22 10:00:00+00:00,2634859.9885,2,27
2025-03-22 11:00:00+00:00,2687095.9285,2,27
2025-03-22 12:00:00+00:00,2754048.479,2,27
2025-03-22 13:00:00+00:00,2779305.029,2,27
2025-03-22 14:00:00+00:00,2704338.7915000003,2,27
2025-03-22 15:00:00+00:00,2598967.489,2,27
2025-03-22 16:00:00+00:00,2522496.664,2,27
2025-03-22 17:00:00+00:00,2358048.7275,2,27
2025-03-22 18:00:00+00:00,2149369.7275,2,27
2025-03-22 19:00:00+00:00,1863917.044,2,27
2025-03-22 20:00:00+00:00,1555201.298,2,27
2025-03-22 21:00:00+00:00,1295127.213,2,-1
2025-03-22 22:00:00+00:00,1100894.8855,2,-1
2025-03-22 23:00:00+00:00,873962.2915,2,-1
2025-03-23 00:00:00+00:00,720006.9165,2,28
2025-03-23 01:00:00+00:00,691591.4425,2,28
2025-03-23 02:00:00+00:00,654054.9995,2,28
2025-03-23 03:00:00+00:00,756057.1925,2,28
2025-03-23 04:00:00+00:00,887780.5215,2,28
2025-03-23 05:00:00+00:00,950949.698,2,28
2025-03-23 06:00:00+00:00,1035589.6244999999,2,28
2025-03-23 07:00:00+00:00,1235310.4675,2,28
2025-03-23 08:00:00+00:00,1230495.2615,2,28
2025-03-23 09:00:00+00:00,1266180.171,2,28
2025-03-23 10:00:00+00:00,1364447.488,2,28
2025-03-23 11:00:00+00:00,1435504.4755,2,28
2025-03-23 12:00:00+00:00,1445329.782,2,28
2025-03-23 13:00:00+00:00,1383931.7604999999,2,28
2025-03-23 14:00:00+00:00,1347830.706,2,28
2025-03-23 15:00:00+00:00,1396430.8155,2,28
2025-03-23 16:00:00+00:00,1518862.063,2,28
2025-03-23 17:00:00+00:00,1588548.427,2,28
2025-03-23 18:00:00+00:00,1606625.184,2,28
2025-03-23 19:00:00+00:00,1680514.7264999999,2,28
2025-03-23 20:00:00+00:00,1702059.1865,2,28
2025-03-23 21:00:00+00:00,1615124.3205,2,28
2025-03-23 22:00:00+00:00,1524019.2035,2,28
2025-03-23 23:00:00+00:00,1394807.3769999999,2,28
2025-03-24 00:00:00+00:00,1386812.5835,2,37
2025-03-24 01:00:00+00:00,1295185.1099999999,2,37
2025-03-24 02:00:00+00:00,1239271.437,2,37
2025-03-24 03:00:00+00:00,1257005.5899999999,2,37
2025-03-24 04:00:00+00:00,1345010.7075,2,37
2025-03-24 05:00:00+00:00,1475249.3665,2,37
2025-03-24 06:00:00+00:00,1563193.521,2,37
2025-03-24 07:00:00+00:00,1590137.0535,2,37
2025-03-24 08:00:00+00:00,1487824.9725,2,37
2025-03-24 09:00:00+00:00,1324131.07,2,37
2025-03-24 10:00:00+00:00,1200904.5965,2,37
2025-03-24 11:00:00+00:00,1133981.5320000001,2,37
2025-03-24 12:00:00+00:00,1099893.5635000002,2,37
2025-03-24 13:00:00+00:00,1062162.1465,2,37
2025-03-24 14:00:00+00:00,1033048.2655,2,37
2025-03-24 15:00:00+00:00,1086236.4585,2,37
2025-03-24 16:00:00+00:00,1162033.584,2,37
2025-03-24 17:00:00+00:00,1228627.0359999998,2,37
2025-03-24 18:00:00+00:00,1252988.8835,2,37
2025-03-24 19:00:00+00:00,1279416.476,2,37
2025-03-24 20:00:00+00:00,1240691.902,2,37
2025-03-24 21:00:00+00:00,1156389.488,2,37
2025-03-24 22:00:00+00:00,1092577.1,2,37
2025-03-24 23:00:00+00:00,1035461.19,2,37
2025-03-25 00:00:00+00:00,977835.6880000001,2,37
2025-03-25 01:00:00+00:00,974481.2005,2,37
2025-03-25 02:00:00+00:00,960703.216,2,37
2025-03-25 03:00:00+00:00,902381.743,2,37
2025-03-25 04:00:00+00:00,894670.048,2,37
2025-03-25 05:00:00+00:00,928939.4035,2,37
2025-03-25 06:00:00+00:00,1035004.771,2,37
2025-03-25 07:00:00+00:00,1143669.0245,2,37
2025-03-25 08:00:00+00:00,1087711.426,2,37
2025-03-25 09:00:00+00:00,998243.4345,2,37
2025-03-25 10:00:00+00:00,931109.983,2,37
2025-03-25 11:00:00+00:00,803733.9654999999,2,37
2025-03-25 12:00:00+00:00,693374.9,2,37
2025-03-25 13:00:00+00:00,640465.919,1,37
2025-03-25 14:00:00+00:00,607844.216,1,37
2025-03-25 15:00:00+00:00,606352.7655,1,37
2025-03-25 16:00:00+00:00,605236.3535,1,37
2025-03-25 17:00:00+00:00,575320.143,1,37
2025-03-25 18:00:00+00:00,564761.4045,1,37
2025-03-25 19:00:00+00:00,575259.5565000001,1,37
2025-03-25 20:00:00+00:00,584778.5245,1,37
2025-03-25 21:00:00+00:00,564516.8605,1,37
2025-03-25 22:00:00+00:00,518114.32700000005,1,37
2025-03-25 23:00:00+00:00,504546.4105,1,37
2025-03-26 00:00:00+00:00,460327.946,1,24
2025-03-26 01:00:00+00:00,416834.7855,1,24
2025-03-26 02:00:00+00:00,391298.707,1,24
2025-03-26 03:00:00+00:00,392422.7295,1,24
2025-03-26 04:00:00+00:00,405715.0755,1,24
2025-03-26 05:00:00+00:00,405665.4595,1,24
2025-03-26 06:00:00+00:00,382197.2145,1,24
2025-03-26 07:00:00+00:00,399953.3185,1,24
2025-03-26 08:00:00+00:00,448507.5605,1,24
2025-03-26 09:00:00+00:00,472659.806,1,24
2025-03-26 10:00:00+00:00,508758.8015,1,24
2025-03-26 11:00:00+00:00,539437.36,1,24
2025-03-26 12:00:00+00:00,555219.1065,1,24
2025-03-26 13:00:00+00:00,581744.617,1,24
2025-03-26 14:00:00+00:00,667128.3675,1,24
2025-03-26 15:00:00+00:00,758856.1070000001,1,24
2025-03-26 16:00:00+00:00,811728.427,1,24
2025-03-26 17:00:00+00:00,848787.6765000001,1,24
2025-03-26 18:00:00+00:00,870458.504,1,24
2025-03-26 19:00:00+00:00,857095.19,1,24
2025-03-26 20:00:00+00:00,791738.148,1,24
2025-03-26 21:00:00+00:00,697962.6755,1,24
2025-03-26 22:00:00+00:00,648675.6505,1,24
2025-03-26 23:00:00+00:00,571110.515,1,24
2025-03-27 00:00:00+00:00,536974.899,1,24
2025-03-27 01:00:00+00:00,515400.2015,1,24
2025-03-27 02:00:00+00:00,527817.051,1,24
2025-03-27 03:00:00+00:00,576450.541,1,24
2025-03-27 04:00:00+00:00,703256.326,1,24
2025-03-27 05:00:00+00:00,825755.3385,1,24
2025-03-27 06:00:00+00:00,872735.392,1,24
2025-03-27 07:00:00+00:00,823586.4055,1,24
2025-03-27 08:00:00+00:00,737971.444,1,24
2025-03-27 09:00:00+00:00,714448.8885,1,24
2025-03-27 10:00:00+00:00,628186.635,1,24
2025-03-27 11:00:00+00:00,560068.6074999999,1,24
2025-03-27 12:00:00+00:00,526386.9115,1,24
2025-03-27 13:00:00+00:00,504570.934,1,24
2025-03-27 14:00:00+00:00,531531.669,1,24
2025-03-27 15:00:00+00:00,560817.722,1,24
2025-03-27 16:00:00+00:00,594243.6905,1,24
2025-03-27 17:00:00+00:00,634687.002,1,24
2025-03-27 18:00:00+00:00,655340.3605,1,24
2025-03-27 19:00:00+00:00,709995.7575000001,1,24
2025-03-27 20:00:00+00:00,737539.8795,1,24
2025-03-27 21:00:00+00:00,749585.8045,1,24
2025-03-27 22:00:00+00:00,732650.7964999999,1,24
2025-03-27 23:00:00+00:00,662713.7525,1,24
2025-03-28 00:00:00+00:00,578411.7559999999,1,24
2025-03-28 01:00:00+00:00,567827.4185,1,24
2025-03-28 02:00:00+00:00,575910.892,1,24
2025-03-28 03:00:00+00:00,581200.0445000001,1,24
2025-03-28 04:00:00+00:00,553093.7245,1,24
2025-03-28 05:00:00+00:00,565166.4865,1,24
2025-03-28 06:00:00+00:00,659121.9275,1,24
2025-03-28 07:00:00+00:00,752279.314,1,24
2025-03-28 08:00:00+00:00,696673.412,1,24
2025-03-28 09:00:00+00:00,628317.274,1,24
2025-03-28 10:00:00+00:00,632381.449,1,24
2025-03-28 11:00:00+00:00,699680.1555,1,24
2025-03-28 12:00:00+00:00,769751.4695,1,24
2025-03-28 13:00:00+00:00,809786.0295,1,24
2025-03-28 14:00:00+00:00,826484.0555,1,24
2025-03-28 15:00:00+00:00,863884.42,1,24
2025-03-28 16:00:00+00:00,885832.931,1,24
2025-03-28 17:00:00+00:00,865878.5900000001,1,24
2025-03-28 18:00:00+00:00,864516.9565,1,24
2025-03-28 19:00:00+00:00,1021387.0685,1,24
2025-03-28 20:00:00+00:00,1104753.4670000002,1,24
2025-03-28 21:00:00+00:00,1166151.245,1,24
2025-03-28 22:00:00+00:00,1164170.3,1,24
2025-03-28 23:00:00+00:00,1222806.0715,1,24
2025-03-29 00:00:00+00:00,1219770.258,1,24
2025-03-29 01:00:00+00:00,1190924.5005,1,24
2025-03-29 02:00:00+00:00,1219925.9725000001,1,24
2025-03-29 03:00:00+00:00,1212569.9575,1,24
2025-03-29 04:00:00+00:00,1133524.1495,1,24
2025-03-29 05:00:00+00:00,1032426.475,1,24
2025-03-29 06:00:00+00:00,910303.663,1,24
2025-03-29 07:00:00+00:00,826748.3545,1,24
2025-03-29 08:00:00+00:00,703021.6005,1,24
2025-03-29 09:00:00+00:00,622900.2905,1,24
2025-03-29 10:00:00+00:00,621569.799,1,24
2025-03-29 11:00:00+00:00,642386.7505,1,24
2025-03-29 12:00:00+00:00,708942.806,1,24
2025-03-29 13:00:00+00:00,772132.498,1,24
2025-03-29 14:00:00+00:00,796227.689,1,24
2025-03-29 15:00:00+00:00,774234.834,1,24
2025-03-29 16:00:00+00:00,769574.48,1,24
2025-03-29 17:00:00+00:00,723825.9545,1,24
2025-03-29 18:00:00+00:00,693252.429,1,24
2025-03-29 19:00:00+00:00,812478.824,1,24
2025-03-29 20:00:00+00:00,936145.412,1,24
2025-03-29 21:00:00+00:00,1102972.9780000001,1,24
2025-03-29 22:00:00+00:00,1265740.938,1,24
2025-03-29 23:00:00+00:00,1554017.0474999999,1,-1
2025-03-30 00:00:00+00:00,1827843.9864999999,2,38
2025-03-30 01:00:00+00:00,968078.276,1,24
2025-03-30 02:00:00+00:00,2021174.543,2,38
2025-03-30 03:00:00+00:00,2113236.0075000003,2,38
2025-03-30 04:00:00+00:00,2139280.64,2,38
2025-03-30 05:00:00+00:00,2204873.111,2,38
2025-03-30 06:00:00+00:00,2222364.992,2,38
2025-03-30 07:00:00+00:00,2205764.9225,2,38
2025-03-30 08:00:00+00:00,2029822.223,2,38
2025-03-30 09:00:00+00:00,1917182.1225,2,38
2025-03-30 10:00:00+00:00,1808228.1025,2,-1
2025-03-30 11:00:00+00:00,1445335.169,2,24
2025-03-30 12:00:00+00:00,1245431.629,2,39
2025-03-30 13:00:00+00:00,1139229.7965000002,2,39
2025-03-30 14:00:00+00:00,993420.34,2,39
2025-03-30 15:00:00+00:00,895000.692,1,39
2025-03-30 16:00:00+00:00,858939.4400000001,1,39
2025-03-30 17:00:00+00:00,814661.625,1,39
2025-03-30 18:00:00+00:00,948737.512,2,39
2025-03-30 19:00:00+00:00,1212803.0955,2,39
2025-03-30 20:00:00+00:00,1521701.122,2,24
2025-03-30 21:00:00+00:00,1747338.155,2,24
2025-03-30 22:00:00+00:00,1885063.3265,2,24
2025-03-30 23:00:00+00:00,1984541.9375,2,24
2025-03-31 00:00:00+00:00,2027167.683,2,40
2025-03-31 01:00:00+00:00,2017295.289,2,40
2025-03-31 02:00:00+00:00,2035278.031,2,40
2025-03-31 03:00:00+00:00,2007884.402,2,40
2025-03-31 04:00:00+00:00,2008930.946,2,40
2025-03-31 05:00:00+00:00,2069891.679,2,40
2025-03-31 06:00:00+00:00,2125820.7125000004,2,40
2025-03-31 07:00:00+00:00,2087240.2285,2,40
2025-03-31 08:00:00+00:00,1934730.9764999999,2,40
2025-03-31 09:00:00+00:00,1772552.021,2,40
2025-03-31 10:00:00+00:00,1698235.475,2,40
2025-03-31 11:00:00+00:00,1735446.123,2,40
2025-03-31 12:00:00+00:00,1734772.497,2,40
2025-03-31 13:00:00+00:00,1638579.0015,2,40
2025-03-31 14:00:00+00:00,1466456.6285,2,34
2025-03-31 15:00:00+00:00,1289589.068,2,34
2025-03-31 16:00:00+00:00,1065032.1495,2,34
2025-03-31 17:00:00+00:00,884777.079,2,34
2025-03-31 18:00:00+00:00,726565.6765000001,1,34
2025-03-31 19:00:00+00:00,684583.708,1,34
2025-03-31 20:00:00+00:00,687393.4990000001,1,34
2025-03-31 21:00:00+00:00,630285.6945,1,34
2025-03-31 22:00:00+00:00,569434.2145,1,34
2025-03-31 23:00:00+00:00,530031.69,1,34
