fold,train_start,train_end,test_start,test_end,n_train,n_test,test_window_size,mae,rmse,mape,r2,model
1,2024-01-01 00:00:00+00:00,2025-03-14 13:00:00+00:00,2025-03-14 14:00:00+00:00,2025-03-21 13:00:00+00:00,10526,168,168,117567.37936987648,162669.13295610275,7.363216940200698,0.6632307411546756,seasonal_naive_lag_24
2,2024-01-01 00:00:00+00:00,2025-03-21 13:00:00+00:00,2025-03-21 14:00:00+00:00,2025-03-28 13:00:00+00:00,10694,168,168,103223.32028376192,152954.72901771343,6.585619088427605,0.6163699080200686,seasonal_naive_lag_24
3,2024-01-01 00:00:00+00:00,2025-03-28 13:00:00+00:00,2025-03-28 14:00:00+00:00,2025-04-04 13:00:00+00:00,10862,168,168,121285.00387226786,171020.42838655945,9.118405421100404,0.4834318399983425,seasonal_naive_lag_24
4,2024-01-01 00:00:00+00:00,2025-04-04 13:00:00+00:00,2025-04-04 14:00:00+00:00,2025-04-11 13:00:00+00:00,11030,168,168,88747.21265153422,146018.5204318561,6.376682208480193,0.48796243287095686,seasonal_naive_lag_24
5,2024-01-01 00:00:00+00:00,2025-04-11 13:00:00+00:00,2025-04-11 14:00:00+00:00,2025-04-18 13:00:00+00:00,11198,168,168,134247.47964919644,188775.10951163704,9.489746405559226,0.38587140122674746,seasonal_naive_lag_24
6,2024-01-01 00:00:00+00:00,2025-04-18 13:00:00+00:00,2025-04-18 14:00:00+00:00,2025-04-25 13:00:00+00:00,11366,168,168,109193.75634636311,151288.58683362056,8.016191190333261,0.4443972184836126,seasonal_naive_lag_24
7,2024-01-01 00:00:00+00:00,2025-04-25 13:00:00+00:00,2025-04-25 14:00:00+00:00,2025-05-02 13:00:00+00:00,11534,168,168,281558.0383780774,483018.06588302815,183.84292770170023,-0.9629794335010453,seasonal_naive_lag_24
8,2024-01-01 00:00:00+00:00,2025-05-02 13:00:00+00:00,2025-05-02 14:00:00+00:00,2025-05-09 13:00:00+00:00,11702,168,168,82988.2860007887,122874.54753010614,6.131307096193195,0.5716244930324667,seasonal_naive_lag_24
9,2024-01-01 00:00:00+00:00,2025-05-09 13:00:00+00:00,2025-05-09 14:00:00+00:00,2025-05-16 13:00:00+00:00,11870,168,168,94730.84447886459,146290.2692937851,6.9542884245940035,0.4265531915797106,seasonal_naive_lag_24
10,2024-01-01 00:00:00+00:00,2025-05-16 13:00:00+00:00,2025-05-16 14:00:00+00:00,2025-05-23 13:00:00+00:00,12038,168,168,79321.52740762204,124899.41383708552,5.917137307651883,0.5120796278689959,seasonal_naive_lag_24
11,2024-01-01 00:00:00+00:00,2025-05-23 13:00:00+00:00,2025-05-23 14:00:00+00:00,2025-05-30 13:00:00+00:00,12206,168,168,86704.8136194613,132116.90158346845,6.3966527815846845,0.5523934191996211,seasonal_naive_lag_24
12,2024-01-01 00:00:00+00:00,2025-05-30 13:00:00+00:00,2025-05-30 14:00:00+00:00,2025-06-06 13:00:00+00:00,12374,168,168,84814.09360624703,123568.31332941653,6.096519326006086,0.5281697935134448,seasonal_naive_lag_24
13,2024-01-01 00:00:00+00:00,2025-06-06 13:00:00+00:00,2025-06-06 14:00:00+00:00,2025-06-13 13:00:00+00:00,12542,168,168,126440.57667147767,171506.2180383552,9.109698299861886,0.1924260345550094,seasonal_naive_lag_24
14,2024-01-01 00:00:00+00:00,2025-06-13 13:00:00+00:00,2025-06-13 14:00:00+00:00,2025-06-20 13:00:00+00:00,12710,168,168,148311.8681810595,195213.2421330003,10.557874883221194,0.2199075975124799,seasonal_naive_lag_24
15,2024-01-01 00:00:00+00:00,2025-06-20 13:00:00+00:00,2025-06-20 14:00:00+00:00,2025-06-27 13:00:00+00:00,12878,168,168,109609.58024770982,151843.57476525643,7.488170307903388,0.4331959589524246,seasonal_naive_lag_24
16,2024-01-01 00:00:00+00:00,2025-06-27 13:00:00+00:00,2025-06-27 14:00:00+00:00,2025-07-04 13:00:00+00:00,13046,168,168,95844.37098070687,148827.0162581568,5.9846724559839855,0.5400146706447747,seasonal_naive_lag_24
17,2024-01-01 00:00:00+00:00,2025-07-04 13:00:00+00:00,2025-07-04 14:00:00+00:00,2025-07-11 13:00:00+00:00,13214,168,168,114876.40004891073,164057.49179876118,7.588611563899751,0.3504573761283537,seasonal_naive_lag_24
18,2024-01-01 00:00:00+00:00,2025-07-11 13:00:00+00:00,2025-07-11 14:00:00+00:00,2025-07-18 13:00:00+00:00,13382,168,168,102161.31598852233,155619.54892071476,7.142529838279349,0.3949003898609398,seasonal_naive_lag_24
19,2024-01-01 00:00:00+00:00,2025-07-18 13:00:00+00:00,2025-07-18 14:00:00+00:00,2025-07-25 13:00:00+00:00,13550,168,168,96462.91406835863,140237.38575745793,6.899897005986262,0.4394137859404226,seasonal_naive_lag_24
20,2024-01-01 00:00:00+00:00,2025-07-25 13:00:00+00:00,2025-07-25 14:00:00+00:00,2025-08-01 13:00:00+00:00,13718,168,168,94459.22317144195,141071.54114896862,6.3817586879705,0.6127529802704537,seasonal_naive_lag_24
21,2024-01-01 00:00:00+00:00,2025-08-01 13:00:00+00:00,2025-08-01 14:00:00+00:00,2025-08-08 13:00:00+00:00,13886,168,168,103177.41578356698,146284.57918812282,6.702689816737095,0.5179043989805109,seasonal_naive_lag_24
22,2024-01-01 00:00:00+00:00,2025-08-08 13:00:00+00:00,2025-08-08 14:00:00+00:00,2025-08-15 13:00:00+00:00,14054,168,168,94617.32386590625,135683.7482543799,6.389291435760791,0.6128233986227982,seasonal_naive_lag_24
23,2024-01-01 00:00:00+00:00,2025-08-15 13:00:00+00:00,2025-08-15 14:00:00+00:00,2025-08-22 13:00:00+00:00,14222,168,168,52776.388785812494,87382.85245589801,3.7839667189958623,0.6943172353229443,seasonal_naive_lag_24
24,2024-01-01 00:00:00+00:00,2025-08-22 13:00:00+00:00,2025-08-22 14:00:00+00:00,2025-08-29 13:00:00+00:00,14390,168,168,68792.11778674404,101170.96757818856,5.0275196281498475,0.6465669426924608,seasonal_naive_lag_24
25,2024-01-01 00:00:00+00:00,2025-08-29 13:00:00+00:00,2025-08-29 14:00:00+00:00,2025-09-05 13:00:00+00:00,14558,168,168,82623.71541274106,114540.31435992535,5.807490146744118,0.6359345366253396,seasonal_naive_lag_24
26,2024-01-01 00:00:00+00:00,2025-09-05 13:00:00+00:00,2025-09-05 14:00:00+00:00,2025-09-12 13:00:00+00:00,14726,168,168,87222.44457586012,123652.2333681089,6.087261050869757,0.6049195476842061,seasonal_naive_lag_24
27,2024-01-01 00:00:00+00:00,2025-09-12 13:00:00+00:00,2025-09-12 14:00:00+00:00,2025-09-19 13:00:00+00:00,14894,168,168,90463.59470954463,144295.80781994184,6.347237771223388,0.539031634542143,seasonal_naive_lag_24
28,2024-01-01 00:00:00+00:00,2025-09-19 13:00:00+00:00,2025-09-19 14:00:00+00:00,2025-09-26 13:00:00+00:00,15062,168,168,94705.963353314,145410.157211065,6.907839553605949,0.45611355202657256,seasonal_naive_lag_24
29,2024-01-01 00:00:00+00:00,2025-09-26 13:00:00+00:00,2025-09-26 14:00:00+00:00,2025-10-03 13:00:00+00:00,15230,168,168,75949.31425785266,116596.3682226113,5.359482753291702,0.6288278464716802,seasonal_naive_lag_24
30,2024-01-01 00:00:00+00:00,2025-10-03 13:00:00+00:00,2025-10-03 14:00:00+00:00,2025-10-10 13:00:00+00:00,15398,168,168,125413.08155291667,172507.3287766203,9.489320207510408,0.4283225328827964,seasonal_naive_lag_24
31,2024-01-01 00:00:00+00:00,2025-10-10 13:00:00+00:00,2025-10-10 14:00:00+00:00,2025-10-17 13:00:00+00:00,15566,122,168,110525.70694338524,165620.4351079115,8.239252106585997,0.4648301597822787,seasonal_naive_lag_24
32,2024-01-01 00:00:00+00:00,2025-10-17 13:00:00+00:00,2025-10-17 14:00:00+00:00,2025-10-24 13:00:00+00:00,15734,168,168,111742.85998446282,158340.84376301724,8.098697266601818,0.5607700384595784,seasonal_naive_lag_24
33,2024-01-01 00:00:00+00:00,2025-10-24 13:00:00+00:00,2025-10-24 14:00:00+00:00,2025-10-31 13:00:00+00:00,15902,166,168,111057.24449160091,154600.154004435,7.9049867352505,0.5958652643587106,seasonal_naive_lag_24
34,2024-01-01 00:00:00+00:00,2025-10-31 13:00:00+00:00,2025-10-31 14:00:00+00:00,2025-11-07 13:00:00+00:00,16070,168,168,108863.31381423514,158148.90407330444,7.462261229443054,0.6374220008886806,seasonal_naive_lag_24
35,2024-01-01 00:00:00+00:00,2025-11-07 13:00:00+00:00,2025-11-07 14:00:00+00:00,2025-11-14 13:00:00+00:00,16238,168,168,107845.3434761399,174081.5681006885,7.226022887207311,0.6337939971099589,seasonal_naive_lag_24
36,2024-01-01 00:00:00+00:00,2025-11-14 13:00:00+00:00,2025-11-14 14:00:00+00:00,2025-11-21 13:00:00+00:00,16406,168,168,98901.84525543304,146458.74139506114,6.385970433813575,0.7164255502843085,seasonal_naive_lag_24
37,2024-01-01 00:00:00+00:00,2025-11-21 13:00:00+00:00,2025-11-21 14:00:00+00:00,2025-11-28 13:00:00+00:00,16574,168,168,90937.44861369791,144695.52693981864,5.391677209476095,0.7581378999517672,seasonal_naive_lag_24
38,2024-01-01 00:00:00+00:00,2025-11-28 13:00:00+00:00,2025-11-28 14:00:00+00:00,2025-12-05 13:00:00+00:00,16742,168,168,118134.23138232589,166184.6810860629,7.0620199920099855,0.7425215828449374,seasonal_naive_lag_24
39,2024-01-01 00:00:00+00:00,2025-12-05 13:00:00+00:00,2025-12-05 14:00:00+00:00,2025-12-12 13:00:00+00:00,16910,168,168,141426.37453891817,194937.84470990158,8.27273137462649,0.6104954917353057,seasonal_naive_lag_24
40,2024-01-01 00:00:00+00:00,2025-12-12 13:00:00+00:00,2025-12-12 14:00:00+00:00,2025-12-19 13:00:00+00:00,17078,168,168,139085.19080055953,234389.33514069568,8.049267574830951,0.5208459677278353,seasonal_naive_lag_24
41,2024-01-01 00:00:00+00:00,2025-12-19 13:00:00+00:00,2025-12-19 14:00:00+00:00,2025-12-26 13:00:00+00:00,17246,168,168,140203.2893621027,180247.3883750933,8.782222431911572,0.6582718005157273,seasonal_naive_lag_24
1,2024-01-01 00:00:00+00:00,2025-03-14 13:00:00+00:00,2025-03-14 14:00:00+00:00,2025-03-21 13:00:00+00:00,10525,168,168,55499.770789182265,69656.16701444586,3.466985012428118,0.9382493856112839,ridge
2,2024-01-01 00:00:00+00:00,2025-03-21 13:00:00+00:00,2025-03-21 14:00:00+00:00,2025-03-28 13:00:00+00:00,10693,168,168,56253.15215912851,68519.51805979208,3.5349914133620155,0.9230133455323862,ridge
3,2024-01-01 00:00:00+00:00,2025-03-28 13:00:00+00:00,2025-03-28 14:00:00+00:00,2025-04-04 13:00:00+00:00,10861,168,168,70294.46660895261,97618.4084978427,5.375319069379704,0.8316957434436608,ridge
4,2024-01-01 00:00:00+00:00,2025-04-04 13:00:00+00:00,2025-04-04 14:00:00+00:00,2025-04-11 13:00:00+00:00,11029,168,168,48531.89961047248,59069.06214935078,3.404396103723726,0.9162073183702594,ridge
5,2024-01-01 00:00:00+00:00,2025-04-11 13:00:00+00:00,2025-04-11 14:00:00+00:00,2025-04-18 13:00:00+00:00,11197,168,168,49565.36890300801,61005.70987662163,3.434322709826962,0.9358626768110319,ridge
6,2024-01-01 00:00:00+00:00,2025-04-18 13:00:00+00:00,2025-04-18 14:00:00+00:00,2025-04-25 13:00:00+00:00,11365,168,168,52093.91784607895,63311.961968316,3.7541900632454808,0.9026975842040537,ridge
7,2024-01-01 00:00:00+00:00,2025-04-25 13:00:00+00:00,2025-04-25 14:00:00+00:00,2025-05-02 13:00:00+00:00,11533,168,168,107047.18127605531,186656.7938079899,106.15876333638327,0.7068589739003766,ridge
8,2024-01-01 00:00:00+00:00,2025-05-02 13:00:00+00:00,2025-05-02 14:00:00+00:00,2025-05-09 13:00:00+00:00,11701,168,168,65361.76867506336,98202.73877695388,4.65158154788573,0.7263799183297361,ridge
9,2024-01-01 00:00:00+00:00,2025-05-09 13:00:00+00:00,2025-05-09 14:00:00+00:00,2025-05-16 13:00:00+00:00,11869,168,168,41634.613842719715,51962.63897827123,2.994909799788856,0.9276489797964806,ridge
10,2024-01-01 00:00:00+00:00,2025-05-16 13:00:00+00:00,2025-05-16 14:00:00+00:00,2025-05-23 13:00:00+00:00,12037,168,168,40007.025748295455,49848.13195084359,2.9101990491409295,0.9222812285378081,ridge
11,2024-01-01 00:00:00+00:00,2025-05-23 13:00:00+00:00,2025-05-23 14:00:00+00:00,2025-05-30 13:00:00+00:00,12205,168,168,38131.44635545309,47975.62035176908,2.7201385544316863,0.9409770514713226,ridge
12,2024-01-01 00:00:00+00:00,2025-05-30 13:00:00+00:00,2025-05-30 14:00:00+00:00,2025-06-06 13:00:00+00:00,12373,168,168,36341.48392540956,45883.79796621011,2.553809987034384,0.9349435709595635,ridge
13,2024-01-01 00:00:00+00:00,2025-06-06 13:00:00+00:00,2025-06-06 14:00:00+00:00,2025-06-13 13:00:00+00:00,12541,168,168,45082.66433716492,55076.29396525817,3.2803102640138184,0.916717838586458,ridge
14,2024-01-01 00:00:00+00:00,2025-06-13 13:00:00+00:00,2025-06-13 14:00:00+00:00,2025-06-20 13:00:00+00:00,12709,168,168,48944.86662788944,61360.80492579352,3.402832003931502,0.9229256988517784,ridge
15,2024-01-01 00:00:00+00:00,2025-06-20 13:00:00+00:00,2025-06-20 14:00:00+00:00,2025-06-27 13:00:00+00:00,12877,168,168,43962.11651941299,54609.743440639715,3.0474332660870718,0.9266871046913076,ridge
16,2024-01-01 00:00:00+00:00,2025-06-27 13:00:00+00:00,2025-06-27 14:00:00+00:00,2025-07-04 13:00:00+00:00,13045,168,168,45145.83184866124,57453.13123903381,2.830708111172047,0.9314499403790725,ridge
17,2024-01-01 00:00:00+00:00,2025-07-04 13:00:00+00:00,2025-07-04 14:00:00+00:00,2025-07-11 13:00:00+00:00,13213,168,168,39184.8373450995,48736.548877064895,2.5643013464877824,0.9426775075469987,ridge
18,2024-01-01 00:00:00+00:00,2025-07-11 13:00:00+00:00,2025-07-11 14:00:00+00:00,2025-07-18 13:00:00+00:00,13381,168,168,40301.50818902902,50025.3825520893,2.785985881320667,0.9374712991163798,ridge
19,2024-01-01 00:00:00+00:00,2025-07-18 13:00:00+00:00,2025-07-18 14:00:00+00:00,2025-07-25 13:00:00+00:00,13549,168,168,37579.965314788686,45513.37749700664,2.647225237642584,0.9409536672898369,ridge
20,2024-01-01 00:00:00+00:00,2025-07-25 13:00:00+00:00,2025-07-25 14:00:00+00:00,2025-08-01 13:00:00+00:00,13717,168,168,41572.22405904786,51854.5068080764,2.695690561889132,0.9476782479471367,ridge
21,2024-01-01 00:00:00+00:00,2025-08-01 13:00:00+00:00,2025-08-01 14:00:00+00:00,2025-08-08 13:00:00+00:00,13885,168,168,44335.53043451713,54161.22470793712,2.9024401822322456,0.9339134580424954,ridge
22,2024-01-01 00:00:00+00:00,2025-08-08 13:00:00+00:00,2025-08-08 14:00:00+00:00,2025-08-15 13:00:00+00:00,14053,168,168,37795.27650170434,46882.803757339905,2.6124784001322725,0.9537746092842039,ridge
23,2024-01-01 00:00:00+00:00,2025-08-15 13:00:00+00:00,2025-08-15 14:00:00+00:00,2025-08-22 13:00:00+00:00,14221,168,168,45391.000852525685,54211.03508427778,3.332976329874024,0.8823494621159869,ridge
24,2024-01-01 00:00:00+00:00,2025-08-22 13:00:00+00:00,2025-08-22 14:00:00+00:00,2025-08-29 13:00:00+00:00,14389,168,168,35631.2530989158,43044.86149513863,2.6049156461748564,0.9360209201215941,ridge
25,2024-01-01 00:00:00+00:00,2025-08-29 13:00:00+00:00,2025-08-29 14:00:00+00:00,2025-09-05 13:00:00+00:00,14557,168,168,38916.288364080865,47892.340192041156,2.7075429095617496,0.9363505202614016,ridge
26,2024-01-01 00:00:00+00:00,2025-09-05 13:00:00+00:00,2025-09-05 14:00:00+00:00,2025-09-12 13:00:00+00:00,14725,168,168,39664.07531086745,48297.09735323291,2.7419599154145913,0.9397268799179038,ridge
27,2024-01-01 00:00:00+00:00,2025-09-12 13:00:00+00:00,2025-09-12 14:00:00+00:00,2025-09-19 13:00:00+00:00,14893,168,168,43182.117984292476,53381.284791832564,2.916915070142113,0.9369127293028289,ridge
28,2024-01-01 00:00:00+00:00,2025-09-19 13:00:00+00:00,2025-09-19 14:00:00+00:00,2025-09-26 13:00:00+00:00,15061,168,168,43305.6052175783,52044.088117461106,3.0358578152673714,0.9303274739383433,ridge
29,2024-01-01 00:00:00+00:00,2025-09-26 13:00:00+00:00,2025-09-26 14:00:00+00:00,2025-10-03 13:00:00+00:00,15229,168,168,41038.829824178865,51411.50286375237,2.837243608186626,0.9278351124536375,ridge
30,2024-01-01 00:00:00+00:00,2025-10-03 13:00:00+00:00,2025-10-03 14:00:00+00:00,2025-10-10 13:00:00+00:00,15397,168,168,48203.403023791834,58263.05931392588,3.548059409403087,0.9347887471147023,ridge
31,2024-01-01 00:00:00+00:00,2025-10-10 13:00:00+00:00,2025-10-10 14:00:00+00:00,2025-10-17 13:00:00+00:00,15565,145,168,50250.51073888535,62350.34233467154,3.603519496816787,0.9257794888559174,ridge
32,2024-01-01 00:00:00+00:00,2025-10-17 13:00:00+00:00,2025-10-17 14:00:00+00:00,2025-10-24 13:00:00+00:00,15710,168,168,48743.70030621447,60438.37237021531,3.524562163470541,0.9360071330034211,ridge
33,2024-01-01 00:00:00+00:00,2025-10-24 13:00:00+00:00,2025-10-24 14:00:00+00:00,2025-10-31 13:00:00+00:00,15878,167,168,37385.65150673062,48678.25535553601,2.627141490243628,0.9599875299228756,ridge
34,2024-01-01 00:00:00+00:00,2025-10-31 13:00:00+00:00,2025-10-31 14:00:00+00:00,2025-11-07 13:00:00+00:00,16045,168,168,46658.62666594513,58875.38455526934,3.1869323651511827,0.9497499395930248,ridge
35,2024-01-01 00:00:00+00:00,2025-11-07 13:00:00+00:00,2025-11-07 14:00:00+00:00,2025-11-14 13:00:00+00:00,16213,168,168,51362.94443123752,63707.379352940035,3.380704871599428,0.9509544781622664,ridge
36,2024-01-01 00:00:00+00:00,2025-11-14 13:00:00+00:00,2025-11-14 14:00:00+00:00,2025-11-21 13:00:00+00:00,16381,168,168,50893.63097485331,62946.57039875847,3.2793613676110986,0.9476181722222903,ridge
37,2024-01-01 00:00:00+00:00,2025-11-21 13:00:00+00:00,2025-11-21 14:00:00+00:00,2025-11-28 13:00:00+00:00,16549,168,168,60138.678415198476,74703.54021167383,3.56999174910649,0.935532626731661,ridge
38,2024-01-01 00:00:00+00:00,2025-11-28 13:00:00+00:00,2025-11-28 14:00:00+00:00,2025-12-05 13:00:00+00:00,16717,168,168,58846.94487933446,73006.60956241633,3.530515406035253,0.9503083731781313,ridge
39,2024-01-01 00:00:00+00:00,2025-12-05 13:00:00+00:00,2025-12-05 14:00:00+00:00,2025-12-12 13:00:00+00:00,16885,168,168,58448.09326991771,74515.24588885988,3.5873889550413,0.9430871352905842,ridge
40,2024-01-01 00:00:00+00:00,2025-12-12 13:00:00+00:00,2025-12-12 14:00:00+00:00,2025-12-19 13:00:00+00:00,17053,168,168,71176.22380947054,94001.01810279126,4.096575572735609,0.9229336895319173,ridge
41,2024-01-01 00:00:00+00:00,2025-12-19 13:00:00+00:00,2025-12-19 14:00:00+00:00,2025-12-26 13:00:00+00:00,17221,168,168,76016.56454882845,94297.3201514353,4.901408201224572,0.9064720193103801,ridge
1,2024-01-01 00:00:00+00:00,2025-03-14 13:00:00+00:00,2025-03-14 14:00:00+00:00,2025-03-21 13:00:00+00:00,10525,168,168,55463.884796324,69622.95948248463,3.4638139758491358,0.9383082489336825,lasso
2,2024-01-01 00:00:00+00:00,2025-03-21 13:00:00+00:00,2025-03-21 14:00:00+00:00,2025-03-28 13:00:00+00:00,10693,168,168,56198.17396287819,68461.62513034604,3.5297083056036507,0.9231433843944048,lasso
3,2024-01-01 00:00:00+00:00,2025-03-28 13:00:00+00:00,2025-03-28 14:00:00+00:00,2025-04-04 13:00:00+00:00,10861,168,168,70365.4961536877,97657.76385926675,5.379398821429288,0.8315600106421913,lasso
4,2024-01-01 00:00:00+00:00,2025-04-04 13:00:00+00:00,2025-04-04 14:00:00+00:00,2025-04-11 13:00:00+00:00,11029,168,168,48538.99940347875,59113.1420118287,3.404082481110244,0.916082212336799,lasso
5,2024-01-01 00:00:00+00:00,2025-04-11 13:00:00+00:00,2025-04-11 14:00:00+00:00,2025-04-18 13:00:00+00:00,11197,168,168,49623.872531523564,61086.97387417375,3.436645215370486,0.9356916919408745,lasso
6,2024-01-01 00:00:00+00:00,2025-04-18 13:00:00+00:00,2025-04-18 14:00:00+00:00,2025-04-25 13:00:00+00:00,11365,168,168,52036.65249330987,63238.595833517546,3.748544089463947,0.9029229623397018,lasso
7,2024-01-01 00:00:00+00:00,2025-04-25 13:00:00+00:00,2025-04-25 14:00:00+00:00,2025-05-02 13:00:00+00:00,11533,168,168,106917.63847814314,186627.76599874455,106.32034596336536,0.7069501420808584,lasso
8,2024-01-01 00:00:00+00:00,2025-05-02 13:00:00+00:00,2025-05-02 14:00:00+00:00,2025-05-09 13:00:00+00:00,11701,168,168,65399.271996148374,98297.27054970073,4.652631050306217,0.7258528812807429,lasso
9,2024-01-01 00:00:00+00:00,2025-05-09 13:00:00+00:00,2025-05-09 14:00:00+00:00,2025-05-16 13:00:00+00:00,11869,168,168,41612.80577383251,51985.39335147698,2.992244783152416,0.9275856010842096,lasso
10,2024-01-01 00:00:00+00:00,2025-05-16 13:00:00+00:00,2025-05-16 14:00:00+00:00,2025-05-23 13:00:00+00:00,12037,168,168,39967.30290892055,49828.817095498074,2.90645281207734,0.9223414448767511,lasso
11,2024-01-01 00:00:00+00:00,2025-05-23 13:00:00+00:00,2025-05-23 14:00:00+00:00,2025-05-30 13:00:00+00:00,12205,168,168,38157.53819620898,48017.68353800884,2.720485542433243,0.940873507978884,lasso
12,2024-01-01 00:00:00+00:00,2025-05-30 13:00:00+00:00,2025-05-30 14:00:00+00:00,2025-06-06 13:00:00+00:00,12373,168,168,36341.49655293333,45926.487438780576,2.552843701182984,0.934822459948422,lasso
13,2024-01-01 00:00:00+00:00,2025-06-06 13:00:00+00:00,2025-06-06 14:00:00+00:00,2025-06-13 13:00:00+00:00,12541,168,168,45062.174733861546,55069.08277017484,3.2778195771809746,0.9167396455946445,lasso
14,2024-01-01 00:00:00+00:00,2025-06-13 13:00:00+00:00,2025-06-13 14:00:00+00:00,2025-06-20 13:00:00+00:00,12709,168,168,48996.261704804165,61403.73702825052,3.405218353262265,0.9228178085011667,lasso
15,2024-01-01 00:00:00+00:00,2025-06-20 13:00:00+00:00,2025-06-20 14:00:00+00:00,2025-06-27 13:00:00+00:00,12877,168,168,43995.14365829638,54661.70099181226,3.0486527027018537,0.9265475336056214,lasso
16,2024-01-01 00:00:00+00:00,2025-06-27 13:00:00+00:00,2025-06-27 14:00:00+00:00,2025-07-04 13:00:00+00:00,13045,168,168,45117.78914541866,57426.036962000195,2.8274911889046184,0.9315145800713329,lasso
17,2024-01-01 00:00:00+00:00,2025-07-04 13:00:00+00:00,2025-07-04 14:00:00+00:00,2025-07-11 13:00:00+00:00,13213,168,168,39223.433681477836,48810.05983440133,2.566434667084103,0.9425044542912705,lasso
18,2024-01-01 00:00:00+00:00,2025-07-11 13:00:00+00:00,2025-07-11 14:00:00+00:00,2025-07-18 13:00:00+00:00,13381,168,168,40301.50976051872,50025.384297357035,2.7859859964201936,0.9374712947534216,lasso
19,2024-01-01 00:00:00+00:00,2025-07-18 13:00:00+00:00,2025-07-18 14:00:00+00:00,2025-07-25 13:00:00+00:00,13549,168,168,37574.5544605702,45515.26334451674,2.6464590972816864,0.9409487740170195,lasso
20,2024-01-01 00:00:00+00:00,2025-07-25 13:00:00+00:00,2025-07-25 14:00:00+00:00,2025-08-01 13:00:00+00:00,13717,168,168,41601.734204904256,51866.255825566324,2.6960498625560976,0.9476545354924462,lasso
21,2024-01-01 00:00:00+00:00,2025-08-01 13:00:00+00:00,2025-08-01 14:00:00+00:00,2025-08-08 13:00:00+00:00,13885,168,168,44318.46581764335,54180.94840029767,2.9006527723595092,0.9338653162964472,lasso
22,2024-01-01 00:00:00+00:00,2025-08-08 13:00:00+00:00,2025-08-08 14:00:00+00:00,2025-08-15 13:00:00+00:00,14053,168,168,37845.06950326647,46940.937718871035,2.6157183184241197,0.9536599006510168,lasso
23,2024-01-01 00:00:00+00:00,2025-08-15 13:00:00+00:00,2025-08-15 14:00:00+00:00,2025-08-22 13:00:00+00:00,14221,168,168,45365.65858555284,54195.09188969941,3.3306491923419084,0.882418652810984,lasso
24,2024-01-01 00:00:00+00:00,2025-08-22 13:00:00+00:00,2025-08-22 14:00:00+00:00,2025-08-29 13:00:00+00:00,14389,168,168,35640.800545174476,43071.628533819916,2.604700664239639,0.9359413258143148,lasso
25,2024-01-01 00:00:00+00:00,2025-08-29 13:00:00+00:00,2025-08-29 14:00:00+00:00,2025-09-05 13:00:00+00:00,14557,168,168,38961.1603450894,47941.579079353425,2.7095296106664675,0.9362195748692606,lasso
26,2024-01-01 00:00:00+00:00,2025-09-05 13:00:00+00:00,2025-09-05 14:00:00+00:00,2025-09-12 13:00:00+00:00,14725,168,168,39659.117804364985,48328.9846577572,2.7408980557805402,0.9396472651209111,lasso
27,2024-01-01 00:00:00+00:00,2025-09-12 13:00:00+00:00,2025-09-12 14:00:00+00:00,2025-09-19 13:00:00+00:00,14893,168,168,43244.39558180622,53419.38642449458,2.92039080029067,0.9368226383329228,lasso
28,2024-01-01 00:00:00+00:00,2025-09-19 13:00:00+00:00,2025-09-19 14:00:00+00:00,2025-09-26 13:00:00+00:00,15061,168,168,43355.46479483243,52110.538718173666,3.039120546923561,0.9301494426936276,lasso
29,2024-01-01 00:00:00+00:00,2025-09-26 13:00:00+00:00,2025-09-26 14:00:00+00:00,2025-10-03 13:00:00+00:00,15229,168,168,41094.86919417667,51474.108782252006,2.8409556235828233,0.9276592490898611,lasso
30,2024-01-01 00:00:00+00:00,2025-10-03 13:00:00+00:00,2025-10-03 14:00:00+00:00,2025-10-10 13:00:00+00:00,15397,168,168,48290.17713451452,58343.497332546925,3.554881844818506,0.9346085614196415,lasso
31,2024-01-01 00:00:00+00:00,2025-10-10 13:00:00+00:00,2025-10-10 14:00:00+00:00,2025-10-17 13:00:00+00:00,15565,145,168,50255.14055305694,62361.00508996186,3.603261739827995,0.9257541012545707,lasso
32,2024-01-01 00:00:00+00:00,2025-10-17 13:00:00+00:00,2025-10-17 14:00:00+00:00,2025-10-24 13:00:00+00:00,15710,168,168,48852.49354121029,60584.83522578074,3.532170822631555,0.9356966039752603,lasso
33,2024-01-01 00:00:00+00:00,2025-10-24 13:00:00+00:00,2025-10-24 14:00:00+00:00,2025-10-31 13:00:00+00:00,15878,167,168,37414.07713329654,48674.84084066759,2.627927651513039,0.9599931430403268,lasso
34,2024-01-01 00:00:00+00:00,2025-10-31 13:00:00+00:00,2025-10-31 14:00:00+00:00,2025-11-07 13:00:00+00:00,16045,168,168,46670.49308378358,58860.63206428085,3.1860583867602466,0.9497751188998917,lasso
35,2024-01-01 00:00:00+00:00,2025-11-07 13:00:00+00:00,2025-11-07 14:00:00+00:00,2025-11-14 13:00:00+00:00,16213,168,168,51368.83913672381,63689.94879574238,3.3791547296815367,0.9509813125363009,lasso
36,2024-01-01 00:00:00+00:00,2025-11-14 13:00:00+00:00,2025-11-14 14:00:00+00:00,2025-11-21 13:00:00+00:00,16381,168,168,50851.63663835532,62883.44786439587,3.2741195096932034,0.947723176064264,lasso
37,2024-01-01 00:00:00+00:00,2025-11-21 13:00:00+00:00,2025-11-21 14:00:00+00:00,2025-11-28 13:00:00+00:00,16549,168,168,60109.61023930043,74684.20604468563,3.5650288322308,0.9355659922632534,lasso
38,2024-01-01 00:00:00+00:00,2025-11-28 13:00:00+00:00,2025-11-28 14:00:00+00:00,2025-12-05 13:00:00+00:00,16717,168,168,58831.4704598939,72969.0770659694,3.5272191621707734,0.950359452701193,lasso
39,2024-01-01 00:00:00+00:00,2025-12-05 13:00:00+00:00,2025-12-05 14:00:00+00:00,2025-12-12 13:00:00+00:00,16885,168,168,58395.80566592532,74474.67937536661,3.582786827163599,0.9431490857818351,lasso
40,2024-01-01 00:00:00+00:00,2025-12-12 13:00:00+00:00,2025-12-12 14:00:00+00:00,2025-12-19 13:00:00+00:00,17053,168,168,71104.67756942491,93993.84686312059,4.089206699678851,0.9229454477003518,lasso
41,2024-01-01 00:00:00+00:00,2025-12-19 13:00:00+00:00,2025-12-19 14:00:00+00:00,2025-12-26 13:00:00+00:00,17221,168,168,75928.94222469145,94179.62307749927,4.895585500815863,0.9067053472533024,lasso
1,2024-01-01 00:00:00+00:00,2025-03-14 13:00:00+00:00,2025-03-14 14:00:00+00:00,2025-03-21 13:00:00+00:00,10525,168,168,17925.579815043828,23514.40432165164,1.1022491673840118,0.9929629586920131,random_forest
2,2024-01-01 00:00:00+00:00,2025-03-21 13:00:00+00:00,2025-03-21 14:00:00+00:00,2025-03-28 13:00:00+00:00,10693,168,168,21822.889174516517,29263.394314663172,1.3565644316370127,0.9859577646792208,random_forest
3,2024-01-01 00:00:00+00:00,2025-03-28 13:00:00+00:00,2025-03-28 14:00:00+00:00,2025-04-04 13:00:00+00:00,10861,168,168,32414.623915717184,59591.41891413032,2.6068320823356395,0.9372810026815132,random_forest
4,2024-01-01 00:00:00+00:00,2025-04-04 13:00:00+00:00,2025-04-04 14:00:00+00:00,2025-04-11 13:00:00+00:00,11029,168,168,18161.06540538435,24332.939557555845,1.2444186643692452,0.9857808022844787,random_forest
5,2024-01-01 00:00:00+00:00,2025-04-11 13:00:00+00:00,2025-04-11 14:00:00+00:00,2025-04-18 13:00:00+00:00,11197,168,168,22499.746437876765,29222.001927447127,1.560692096147184,0.9852839996168765,random_forest
6,2024-01-01 00:00:00+00:00,2025-04-18 13:00:00+00:00,2025-04-18 14:00:00+00:00,2025-04-25 13:00:00+00:00,11365,168,168,26190.87699233497,35867.80330016133,1.902931453047257,0.9687707440084989,random_forest
7,2024-01-01 00:00:00+00:00,2025-04-25 13:00:00+00:00,2025-04-25 14:00:00+00:00,2025-05-02 13:00:00+00:00,11533,168,168,86315.24906666976,239551.13729268633,161.66131037838974,0.5171797524275876,random_forest
8,2024-01-01 00:00:00+00:00,2025-05-02 13:00:00+00:00,2025-05-02 14:00:00+00:00,2025-05-09 13:00:00+00:00,11701,168,168,20985.870416207046,32580.825122136976,1.5139956503048744,0.9698820834398514,random_forest
9,2024-01-01 00:00:00+00:00,2025-05-09 13:00:00+00:00,2025-05-09 14:00:00+00:00,2025-05-16 13:00:00+00:00,11869,168,168,13857.320075189567,18143.602331779322,0.9812748901574211,0.9911791731258422,random_forest
10,2024-01-01 00:00:00+00:00,2025-05-16 13:00:00+00:00,2025-05-16 14:00:00+00:00,2025-05-23 13:00:00+00:00,12037,168,168,12579.476821145081,18142.110910343716,0.902881410927502,0.9897055348799801,random_forest
11,2024-01-01 00:00:00+00:00,2025-05-23 13:00:00+00:00,2025-05-23 14:00:00+00:00,2025-05-30 13:00:00+00:00,12205,168,168,14654.171871469262,18650.62317660966,1.0315175088185653,0.9910799682949082,random_forest
12,2024-01-01 00:00:00+00:00,2025-05-30 13:00:00+00:00,2025-05-30 14:00:00+00:00,2025-06-06 13:00:00+00:00,12373,168,168,13567.6885400025,18282.022781848238,0.9548915469625887,0.9896719104453268,random_forest
13,2024-01-01 00:00:00+00:00,2025-06-06 13:00:00+00:00,2025-06-06 14:00:00+00:00,2025-06-13 13:00:00+00:00,12541,168,168,17714.92947794091,23844.6672104472,1.2850573357562465,0.9843899210201037,random_forest
14,2024-01-01 00:00:00+00:00,2025-06-13 13:00:00+00:00,2025-06-13 14:00:00+00:00,2025-06-20 13:00:00+00:00,12709,168,168,16634.570816896758,21523.049928514894,1.1646154132375581,0.9905172319925609,random_forest
15,2024-01-01 00:00:00+00:00,2025-06-20 13:00:00+00:00,2025-06-20 14:00:00+00:00,2025-06-27 13:00:00+00:00,12877,168,168,16413.18468309455,21321.15288038543,1.1210125358046297,0.9888246414157917,random_forest
16,2024-01-01 00:00:00+00:00,2025-06-27 13:00:00+00:00,2025-06-27 14:00:00+00:00,2025-07-04 13:00:00+00:00,13045,168,168,24268.15306738133,30660.687181933765,1.5745517519548207,0.9804771058666231,random_forest
17,2024-01-01 00:00:00+00:00,2025-07-04 13:00:00+00:00,2025-07-04 14:00:00+00:00,2025-07-11 13:00:00+00:00,13213,168,168,25390.513359167635,32209.940557184596,1.6925389346117425,0.9749622460663705,random_forest
18,2024-01-01 00:00:00+00:00,2025-07-11 13:00:00+00:00,2025-07-11 14:00:00+00:00,2025-07-18 13:00:00+00:00,13381,168,168,20709.453540757775,25360.68454685331,1.4274666881387355,0.9839298284492443,random_forest
19,2024-01-01 00:00:00+00:00,2025-07-18 13:00:00+00:00,2025-07-18 14:00:00+00:00,2025-07-25 13:00:00+00:00,13549,168,168,13595.984120034169,17086.263730419552,0.9534074353103988,0.9916783583529686,random_forest
20,2024-01-01 00:00:00+00:00,2025-07-25 13:00:00+00:00,2025-07-25 14:00:00+00:00,2025-08-01 13:00:00+00:00,13717,168,168,17779.24683960575,23448.842503431897,1.1788682502435783,0.9893007808864263,random_forest
21,2024-01-01 00:00:00+00:00,2025-08-01 13:00:00+00:00,2025-08-01 14:00:00+00:00,2025-08-08 13:00:00+00:00,13885,168,168,19147.30527300258,24109.43903344544,1.2502007349832325,0.9869048557632214,random_forest
22,2024-01-01 00:00:00+00:00,2025-08-08 13:00:00+00:00,2025-08-08 14:00:00+00:00,2025-08-15 13:00:00+00:00,14053,168,168,14156.528888968387,20355.666204787587,0.9655787342776136,0.991285869094991,random_forest
23,2024-01-01 00:00:00+00:00,2025-08-15 13:00:00+00:00,2025-08-15 14:00:00+00:00,2025-08-22 13:00:00+00:00,14221,168,168,16237.382558139612,23254.904470003108,1.157952936515602,0.9783505116277024,random_forest
24,2024-01-01 00:00:00+00:00,2025-08-22 13:00:00+00:00,2025-08-22 14:00:00+00:00,2025-08-29 13:00:00+00:00,14389,168,168,11808.259022495393,15417.94126983483,0.8624888519145322,0.9917917961320238,random_forest
25,2024-01-01 00:00:00+00:00,2025-08-29 13:00:00+00:00,2025-08-29 14:00:00+00:00,2025-09-05 13:00:00+00:00,14557,168,168,14889.233422917969,19094.964591293472,1.0321107384560162,0.9898818653316995,random_forest
26,2024-01-01 00:00:00+00:00,2025-09-05 13:00:00+00:00,2025-09-05 14:00:00+00:00,2025-09-12 13:00:00+00:00,14725,168,168,14980.792315926525,19578.70677472,1.0375122182026066,0.9900951109115201,random_forest
27,2024-01-01 00:00:00+00:00,2025-09-12 13:00:00+00:00,2025-09-12 14:00:00+00:00,2025-09-19 13:00:00+00:00,14893,168,168,17938.441062102356,23618.561953816632,1.2150057688439935,0.9876498964860471,random_forest
28,2024-01-01 00:00:00+00:00,2025-09-19 13:00:00+00:00,2025-09-19 14:00:00+00:00,2025-09-26 13:00:00+00:00,15061,168,168,18834.38390364745,23915.031610957773,1.3070085764264388,0.9852883742548262,random_forest
29,2024-01-01 00:00:00+00:00,2025-09-26 13:00:00+00:00,2025-09-26 14:00:00+00:00,2025-10-03 13:00:00+00:00,15229,168,168,16483.752601568714,21676.6615985257,1.1156384338789325,0.9871710788469846,random_forest
30,2024-01-01 00:00:00+00:00,2025-10-03 13:00:00+00:00,2025-10-03 14:00:00+00:00,2025-10-10 13:00:00+00:00,15397,168,168,25814.376737489685,33695.51102908157,1.9474860394495623,0.9781887744573616,random_forest
31,2024-01-01 00:00:00+00:00,2025-10-10 13:00:00+00:00,2025-10-10 14:00:00+00:00,2025-10-17 13:00:00+00:00,15565,145,168,25920.895373430507,32828.05610581141,1.8775360465621536,0.9794251541403743,random_forest
32,2024-01-01 00:00:00+00:00,2025-10-17 13:00:00+00:00,2025-10-17 14:00:00+00:00,2025-10-24 13:00:00+00:00,15710,168,168,27279.694610213053,37382.90220881969,1.9344038969910464,0.975517707805879,random_forest
33,2024-01-01 00:00:00+00:00,2025-10-24 13:00:00+00:00,2025-10-24 14:00:00+00:00,2025-10-31 13:00:00+00:00,15878,167,168,25754.239228328017,36681.58109371922,1.8291312480528603,0.977279313623539,random_forest
34,2024-01-01 00:00:00+00:00,2025-10-31 13:00:00+00:00,2025-10-31 14:00:00+00:00,2025-11-07 13:00:00+00:00,16045,168,168,18550.982059782626,27910.67537251197,1.2342391319519455,0.988706988625557,random_forest
35,2024-01-01 00:00:00+00:00,2025-11-07 13:00:00+00:00,2025-11-07 14:00:00+00:00,2025-11-14 13:00:00+00:00,16213,168,168,18854.399004215004,26160.642304398796,1.212319955773516,0.9917297872039506,random_forest
36,2024-01-01 00:00:00+00:00,2025-11-14 13:00:00+00:00,2025-11-14 14:00:00+00:00,2025-11-21 13:00:00+00:00,16381,168,168,19826.36965601844,26403.264183738254,1.2405156108704027,0.9907838030939039,random_forest
37,2024-01-01 00:00:00+00:00,2025-11-21 13:00:00+00:00,2025-11-21 14:00:00+00:00,2025-11-28 13:00:00+00:00,16549,168,168,18975.46424698956,26943.19670426064,1.1182717073711204,0.9916139808159282,random_forest
38,2024-01-01 00:00:00+00:00,2025-11-28 13:00:00+00:00,2025-11-28 14:00:00+00:00,2025-12-05 13:00:00+00:00,16717,168,168,22628.773356537928,29522.909818051172,1.3265915926411789,0.9918739933299601,random_forest
39,2024-01-01 00:00:00+00:00,2025-12-05 13:00:00+00:00,2025-12-05 14:00:00+00:00,2025-12-12 13:00:00+00:00,16885,168,168,24383.990443436353,34398.207957186125,1.4465744703998653,0.9878719269529276,random_forest
40,2024-01-01 00:00:00+00:00,2025-12-12 13:00:00+00:00,2025-12-12 14:00:00+00:00,2025-12-19 13:00:00+00:00,17053,168,168,23241.399751610716,35848.53467391755,1.308522373029017,0.9887916348850757,random_forest
41,2024-01-01 00:00:00+00:00,2025-12-19 13:00:00+00:00,2025-12-19 14:00:00+00:00,2025-12-26 13:00:00+00:00,17221,168,168,32607.704045911425,47242.35691022962,2.077170470807817,0.9765249800927883,random_forest
1,2024-01-01 00:00:00+00:00,2025-03-14 13:00:00+00:00,2025-03-14 14:00:00+00:00,2025-03-21 13:00:00+00:00,10525,168,168,31590.51856577627,43012.41146950818,1.9463200153560005,0.9764544022162697,gradient_boosting
2,2024-01-01 00:00:00+00:00,2025-03-21 13:00:00+00:00,2025-03-21 14:00:00+00:00,2025-03-28 13:00:00+00:00,10693,168,168,33183.18645079892,44452.75320081938,2.051801610305373,0.9675970778954752,gradient_boosting
3,2024-01-01 00:00:00+00:00,2025-03-28 13:00:00+00:00,2025-03-28 14:00:00+00:00,2025-04-04 13:00:00+00:00,10861,168,168,51670.763413073706,75810.21234610974,4.062881234470569,0.8984950830705671,gradient_boosting
4,2024-01-01 00:00:00+00:00,2025-04-04 13:00:00+00:00,2025-04-04 14:00:00+00:00,2025-04-11 13:00:00+00:00,11029,168,168,29144.307754123645,36955.41232342194,2.009337430287944,0.9672024016715485,gradient_boosting
5,2024-01-01 00:00:00+00:00,2025-04-11 13:00:00+00:00,2025-04-11 14:00:00+00:00,2025-04-18 13:00:00+00:00,11197,168,168,30710.79013264849,40392.87359499008,2.189446353107529,0.9718823279470467,gradient_boosting
6,2024-01-01 00:00:00+00:00,2025-04-18 13:00:00+00:00,2025-04-18 14:00:00+00:00,2025-04-25 13:00:00+00:00,11365,168,168,40912.08495252624,50564.83454864486,2.9967444125694045,0.9379346426937919,gradient_boosting
7,2024-01-01 00:00:00+00:00,2025-04-25 13:00:00+00:00,2025-04-25 14:00:00+00:00,2025-05-02 13:00:00+00:00,11533,168,168,108344.24259199233,268581.2967074135,180.3148930202087,0.3930673055768795,gradient_boosting
8,2024-01-01 00:00:00+00:00,2025-05-02 13:00:00+00:00,2025-05-02 14:00:00+00:00,2025-05-09 13:00:00+00:00,11701,168,168,34289.84528942881,44679.778895705305,2.5015301372131824,0.9433600581572255,gradient_boosting
9,2024-01-01 00:00:00+00:00,2025-05-09 13:00:00+00:00,2025-05-09 14:00:00+00:00,2025-05-16 13:00:00+00:00,11869,168,168,25554.66215496375,31987.504769205567,1.8743201784865555,0.9725828070438346,gradient_boosting
10,2024-01-01 00:00:00+00:00,2025-05-16 13:00:00+00:00,2025-05-16 14:00:00+00:00,2025-05-23 13:00:00+00:00,12037,168,168,22458.988759909476,28882.85682243232,1.6435891256635446,0.9739079353499343,gradient_boosting
11,2024-01-01 00:00:00+00:00,2025-05-23 13:00:00+00:00,2025-05-23 14:00:00+00:00,2025-05-30 13:00:00+00:00,12205,168,168,21220.88211578668,26984.892445599697,1.5171015937180308,0.9813266995157505,gradient_boosting
12,2024-01-01 00:00:00+00:00,2025-05-30 13:00:00+00:00,2025-05-30 14:00:00+00:00,2025-06-06 13:00:00+00:00,12373,168,168,18910.10730988163,24586.452953990236,1.3174802938848302,0.9813205854653959,gradient_boosting
13,2024-01-01 00:00:00+00:00,2025-06-06 13:00:00+00:00,2025-06-06 14:00:00+00:00,2025-06-13 13:00:00+00:00,12541,168,168,26534.91276193498,36239.60365421774,1.9498816027753267,0.9639430118008915,gradient_boosting
14,2024-01-01 00:00:00+00:00,2025-06-13 13:00:00+00:00,2025-06-13 14:00:00+00:00,2025-06-20 13:00:00+00:00,12709,168,168,29202.58647559511,39442.796043098366,2.065796891108914,0.9681534136259589,gradient_boosting
15,2024-01-01 00:00:00+00:00,2025-06-20 13:00:00+00:00,2025-06-20 14:00:00+00:00,2025-06-27 13:00:00+00:00,12877,168,168,23864.530747714347,30465.6457011283,1.660360204229467,0.9771828775466351,gradient_boosting
16,2024-01-01 00:00:00+00:00,2025-06-27 13:00:00+00:00,2025-06-27 14:00:00+00:00,2025-07-04 13:00:00+00:00,13045,168,168,35183.14421570989,43586.61220814495,2.281472135263984,0.9605463979360659,gradient_boosting
17,2024-01-01 00:00:00+00:00,2025-07-04 13:00:00+00:00,2025-07-04 14:00:00+00:00,2025-07-11 13:00:00+00:00,13213,168,168,23586.45122201203,30000.937702283558,1.5436630648305103,0.9782787317732061,gradient_boosting
18,2024-01-01 00:00:00+00:00,2025-07-11 13:00:00+00:00,2025-07-11 14:00:00+00:00,2025-07-18 13:00:00+00:00,13381,168,168,22113.152471414553,30948.71223051049,1.5108984703106,0.9760677387799254,gradient_boosting
19,2024-01-01 00:00:00+00:00,2025-07-18 13:00:00+00:00,2025-07-18 14:00:00+00:00,2025-07-25 13:00:00+00:00,13549,168,168,19994.10946448695,26568.300541030712,1.4076412206904179,0.9798793341048467,gradient_boosting
20,2024-01-01 00:00:00+00:00,2025-07-25 13:00:00+00:00,2025-07-25 14:00:00+00:00,2025-08-01 13:00:00+00:00,13717,168,168,24957.9861211757,31061.568169638842,1.6547560509268138,0.9812260344018313,gradient_boosting
21,2024-01-01 00:00:00+00:00,2025-08-01 13:00:00+00:00,2025-08-01 14:00:00+00:00,2025-08-08 13:00:00+00:00,13885,168,168,26680.445455908444,32947.30447726586,1.7278730206795896,0.9755445389961064,gradient_boosting
22,2024-01-01 00:00:00+00:00,2025-08-08 13:00:00+00:00,2025-08-08 14:00:00+00:00,2025-08-15 13:00:00+00:00,14053,168,168,18788.07754651326,28431.49789250321,1.3046171186841133,0.9829998434785046,gradient_boosting
23,2024-01-01 00:00:00+00:00,2025-08-15 13:00:00+00:00,2025-08-15 14:00:00+00:00,2025-08-22 13:00:00+00:00,14221,168,168,27882.442705091573,36881.02749576393,2.005865509587934,0.9455466576918025,gradient_boosting
24,2024-01-01 00:00:00+00:00,2025-08-22 13:00:00+00:00,2025-08-22 14:00:00+00:00,2025-08-29 13:00:00+00:00,14389,168,168,18685.410189099304,24294.369407782193,1.3558413615973268,0.9796198853797382,gradient_boosting
25,2024-01-01 00:00:00+00:00,2025-08-29 13:00:00+00:00,2025-08-29 14:00:00+00:00,2025-09-05 13:00:00+00:00,14557,168,168,22640.659244888604,29774.53556916134,1.5576915994828224,0.9753990016092033,gradient_boosting
26,2024-01-01 00:00:00+00:00,2025-09-05 13:00:00+00:00,2025-09-05 14:00:00+00:00,2025-09-12 13:00:00+00:00,14725,168,168,23106.817753899755,29699.720934071705,1.5870087065797167,0.9772077946138029,gradient_boosting
27,2024-01-01 00:00:00+00:00,2025-09-12 13:00:00+00:00,2025-09-12 14:00:00+00:00,2025-09-19 13:00:00+00:00,14893,168,168,24942.99465253193,32428.991928017665,1.6828942179214785,0.9767174474469003,gradient_boosting
28,2024-01-01 00:00:00+00:00,2025-09-19 13:00:00+00:00,2025-09-19 14:00:00+00:00,2025-09-26 13:00:00+00:00,15061,168,168,28531.63994213412,36708.07660518323,1.976666227495523,0.965338926572119,gradient_boosting
29,2024-01-01 00:00:00+00:00,2025-09-26 13:00:00+00:00,2025-09-26 14:00:00+00:00,2025-10-03 13:00:00+00:00,15229,168,168,25825.970406924076,34722.09829487247,1.7490378210201947,0.9670832260650442,gradient_boosting
30,2024-01-01 00:00:00+00:00,2025-10-03 13:00:00+00:00,2025-10-03 14:00:00+00:00,2025-10-10 13:00:00+00:00,15397,168,168,38924.71871089617,47905.64035415466,2.9461922295705376,0.9559131293001085,gradient_boosting
31,2024-01-01 00:00:00+00:00,2025-10-10 13:00:00+00:00,2025-10-10 14:00:00+00:00,2025-10-17 13:00:00+00:00,15565,145,168,32702.567130815496,41348.12550135316,2.353574239058757,0.9673594169464677,gradient_boosting
32,2024-01-01 00:00:00+00:00,2025-10-17 13:00:00+00:00,2025-10-17 14:00:00+00:00,2025-10-24 13:00:00+00:00,15710,168,168,36821.905426975914,45598.33315806279,2.6579602065383403,0.9635746291273496,gradient_boosting
33,2024-01-01 00:00:00+00:00,2025-10-24 13:00:00+00:00,2025-10-24 14:00:00+00:00,2025-10-31 13:00:00+00:00,15878,167,168,29175.30440147241,38113.781563106204,2.08816943794657,0.975470458279883,gradient_boosting
34,2024-01-01 00:00:00+00:00,2025-10-31 13:00:00+00:00,2025-10-31 14:00:00+00:00,2025-11-07 13:00:00+00:00,16045,168,168,29679.015548193118,38782.00325535518,2.0267893125773835,0.9781963324520653,gradient_boosting
35,2024-01-01 00:00:00+00:00,2025-11-07 13:00:00+00:00,2025-11-07 14:00:00+00:00,2025-11-14 13:00:00+00:00,16213,168,168,27334.457836680354,36808.521125789506,1.7783743180453584,0.9836274390178146,gradient_boosting
36,2024-01-01 00:00:00+00:00,2025-11-14 13:00:00+00:00,2025-11-14 14:00:00+00:00,2025-11-21 13:00:00+00:00,16381,168,168,33116.097634290665,42105.81425808657,2.1023917419045763,0.9765619949609815,gradient_boosting
37,2024-01-01 00:00:00+00:00,2025-11-21 13:00:00+00:00,2025-11-21 14:00:00+00:00,2025-11-28 13:00:00+00:00,16549,168,168,37664.66789457708,48376.369634328155,2.20660420127256,0.9729651380679928,gradient_boosting
38,2024-01-01 00:00:00+00:00,2025-11-28 13:00:00+00:00,2025-11-28 14:00:00+00:00,2025-12-05 13:00:00+00:00,16717,168,168,41016.184015930434,54199.89655636787,2.3702979910988993,0.9726122868872664,gradient_boosting
39,2024-01-01 00:00:00+00:00,2025-12-05 13:00:00+00:00,2025-12-05 14:00:00+00:00,2025-12-12 13:00:00+00:00,16885,168,168,37026.526097267655,49348.706572506824,2.215745507328299,0.975038440365276,gradient_boosting
40,2024-01-01 00:00:00+00:00,2025-12-12 13:00:00+00:00,2025-12-12 14:00:00+00:00,2025-12-19 13:00:00+00:00,17053,168,168,46708.24393786162,64806.85000884675,2.6093389120070096,0.9633696322784003,gradient_boosting
41,2024-01-01 00:00:00+00:00,2025-12-19 13:00:00+00:00,2025-12-19 14:00:00+00:00,2025-12-26 13:00:00+00:00,17221,168,168,42426.21743993596,58761.462113008456,2.746607010897154,0.963681488280435,gradient_boosting
